item,location,figure_file,source_data,generating_script,status,notes
Figure 1,Main manuscript,figures/main_paper/Figure01_workflow.pdf,,Manual artwork,final,Workflow schematic; no numerical Source Data.
Figure 2,Main manuscript,figures/main_paper/Figure02_weight_functions.pdf,Source_Data/Figure02_weight_functions_source_data.csv,scripts/figures/plot_main_figures_02_09.R,verified,Schematic thresholds satisfy Q1 < Q2 < Q3 < Q3*.
Figure 3,Main manuscript,figures/Simulation_1/Figure03_simulation1_gmm_pc10_clustering_ari_nmi.pdf,Source_Data/Figure03_simulation1_gmm_pc10_clustering_ari_nmi_source_data.csv; Source_Data/simulation_figures_input_alpha005.csv,scripts/figures/plot_simulation1_clustering_combined.R,verified,GMM PC10 ARI/NMI means over 10 repeats.
Figure 4,Main manuscript,figures/Simulation_2/Figure04_simulation2_subspace.pdf,Source_Data/subspace_figures_input_alpha005.csv,scripts/figures/plot_simulation_support_from_source_data.R,verified,Source-Data-only regeneration; dropout.mid=0 is the identity reference.
Figure 5,Main manuscript,figures/Simulation_2/Figure05_simulation2_rank.pdf,Source_Data/subspace_figures_input_alpha005.csv,scripts/figures/plot_simulation_support_from_source_data.R,verified,Rank 1 is best; dropout.mid=0 identity reference is not ranked.
Figure 6,Main manuscript,figures/Real_data/Figure06_realdata_gmm_pc10_ari.pdf,Source_Data/Figure06_realdata_gmm_pc10_ari_source_data.csv,scripts/figures/plot_realdata_from_source_data.R,verified,"PBMC RNA-only, Pancreas, and Bhattacherjee use validated formal results with PCP scores X %*% V; outer subset and inner clustering-run identifiers are retained."
Figure 7,Main manuscript,figures/Real_data/Figure07_realdata_subspace_pc10.pdf,Source_Data/Figure07_realdata_subspace_pc10_source_data.csv,scripts/figures/plot_realdata_from_source_data.R,verified,"The PCP XV correction does not change loading vectors or subspaces; the prior validated 20-replicate values remain exact."
Figure 8,Main manuscript,figures/Runtime/Figure08_runtime_scaling.pdf,Source_Data/Figure08_runtime_scaling_source_data.csv; Source_Data/runtime_benchmark_results_matched.csv; Source_Data/runtime_benchmark_summary_matched.csv,scripts/figures/plot_runtime_from_source_data.R,verified,Matched nested-input benchmark; median and IQR across five independent replicate-level inputs; one thread per method process.
Figure 9,Main manuscript,figures/main_paper/Figure09_method_comparison.pdf,Source_Data/Figure09_method_summary_source_data.csv; Source_Data/Figure09_evidence_table.csv,scripts/figures/build_figure09_evidence.R; scripts/figures/plot_main_figures_02_09.R,verified,"Runtime feasibility restored as the sixth evidence dimension from the matched Figure 8 benchmark; evidence table contains 60 method-dimension rows. The rendered table omits the redundant Core estimator column, while estimator metadata remain in Source Data. Mechanism labels use explicit terminology for projection pursuit, pairwise spatial signs, and distance weighting."
Figure S1,Supplementary Material,figures/Appendix/FigureS01_simulation1_gmm_pc10_ari_with_k.pdf,Source_Data/FigureS01_simulation1_gmm_pc10_ari_with_k_source_data.csv; Source_Data/simulation_figures_input_alpha005.csv,scripts/figures/plot_simulation_support_from_source_data.R,verified,Mean GMM PC10 ARI with mean BIC-selected component count over 10 simulation repeats; true group count is five.
Figure S2,Supplementary Material,figures/Appendix/FigureS02_simulation1_kmeans_pc10_ari_nmi.pdf,Source_Data/FigureS02_simulation1_kmeans_pc10_ari_nmi_source_data.csv; Source_Data/simulation_figures_input_alpha005.csv,scripts/figures/plot_simulation_support_from_source_data.R,verified,k-means PC10 ARI/NMI sensitivity analysis; 20 seeded runs averaged within each simulation replicate.
Figure S3,Supplementary Material,figures/Appendix/FigureS03_simulation1_louvain_pc10_ari_nmi.pdf,Source_Data/FigureS03_simulation1_louvain_pc10_ari_nmi_source_data.csv; Source_Data/simulation_figures_input_alpha005.csv,scripts/figures/plot_simulation_support_from_source_data.R,verified,Louvain PC10 ARI/NMI sensitivity analysis.
Figure S4,Supplementary Material,figures/Appendix/FigureS04_simulation2_pcwise_pc10.pdf,Source_Data/FigureS04_simulation2_pcwise_pc10_source_data.csv; Source_Data/FigureS04_simulation2_pcwise_pc10_replicate_source_data.csv; Source_Data/FigureS04_simulation2_pcwise_pc1_pc20_source_data.csv; Source_Data/FigureS04_simulation2_pcwise_validation.csv,scripts/figures/plot_simulation2_pcwise_from_source_data.R,verified,"Source-Data-only regeneration; mean absolute cosine across corresponding PC1-PC10 loading vectors; 10 paired clean/perturbed replicates per condition; subspace values independently reproduced to machine precision."
Figure S5,Supplementary Material,figures/Appendix/FigureS05_simulation2_pcwise_rank.pdf,Source_Data/FigureS05_simulation2_pcwise_rank_source_data.csv,scripts/figures/plot_simulation2_pcwise_from_source_data.R,verified,"Source-Data-only regeneration; condition-specific ranks of median PC1-PC10 absolute cosine similarity; identity dropout condition excluded from ranking."
Figure S6,Supplementary Material,figures/Appendix/FigureS06_simulation1_pc10_vs_pc20_gmm_ari.pdf,Source_Data/FigureS06_simulation1_pc10_vs_pc20_gmm_ari_source_data.csv,scripts/figures/plot_simulation_support_from_source_data.R,verified,"Simulation PC10/PC20 sensitivity across 19 unique conditions; repeated midpoint-0 and mean-shift-anchor representations are counted once in the pooled plot."
Figure S7,Supplementary Material,figures/Appendix/FigureS07_realdata_pc10_vs_pc20_gmm_reproducibility.pdf,Source_Data/FigureS07_realdata_pc10_vs_pc20_gmm_reproducibility_source_data.csv,scripts/figures/plot_realdata_from_source_data.R,verified,"PC10/PC20 means use validated formal PCP XV results for PBMC RNA-only, Pancreas, and Bhattacherjee."
Figure S8,Supplementary Material,figures/Appendix/FigureS08_alpha_sensitivity.pdf,Source_Data/FigureS08_alpha_sensitivity_source_data.csv,scripts/figures/plot_alpha_sensitivity_from_source_data.R,verified,"Paired changes from alpha=0.05 for GMM, alternative clustering, and subspace metrics across 19 unique conditions per metric; repeated midpoint-0 and mean-shift-anchor representations are counted once."
Table S1,Supplementary Material,Embedded,Source_Data/simulation_figures_input_alpha005.csv; Source_Data/subspace_figures_input_alpha005.csv,Manual table,verified,Simulation parameter settings.
Table S2,Supplementary Material,Embedded,Source_Data/Table_PcaGrid_QC_source_data.csv,Manual table,verified,PcaGrid quality-control summary.
Table S3,Supplementary Material,Embedded,Source_Data/Appendix_simulation1_dropout_pcp_ktau_paired_difference.csv,scripts/figures/build_dropout_paired_comparison.R,verified,Paired K's tau minus PCP comparison.
Table S4,Supplementary Material,Embedded,Source_Data/TableS04_subspace_clustering_correlations_source_data.csv,scripts/figures/build_subspace_clustering_correlations.R,verified,"Spearman correlations across 190 condition-method means from 19 unique conditions, including dropout.mid=0 identity; the shared mean-shift anchor is counted once; values are also reported after excluding PcaGrid (n=171); descriptive, no hypothesis tests."
