"Package","Version","Priority","Built"
"abind","1.4-8",,"4.4.1"
"aricode","1.0.3",,"4.4.1"
"askpass","1.2.1",,"4.4.1"
"assertthat","0.2.1",,"4.4.1"
"assorthead","1.0.1",,"4.4.1"
"backports","1.5.0",,"4.4.1"
"base","4.4.1","base","4.4.1"
"base64enc","0.1-3",,"4.4.1"
"beachmat","2.22.0",,"4.4.1"
"beeswarm","0.4.0",,"4.4.1"
"BH","1.84.0-0",,"4.4.1"
"Biobase","2.66.0",,"4.4.1"
"BiocGenerics","0.52.0",,"4.4.1"
"BiocManager","1.30.27",,"4.4.1"
"BiocNeighbors","2.0.1",,"4.4.1"
"BiocParallel","1.40.2",,"4.4.1"
"BiocSingular","1.22.0",,"4.4.1"
"BiocVersion","3.20.0",,"4.4.1"
"bit","4.5.0",,"4.4.1"
"bit64","4.5.2",,"4.4.1"
"bitops","1.0-9",,"4.4.1"
"blob","1.2.4",,"4.4.1"
"bluster","1.16.0",,"4.4.1"
"boot","1.3-31","recommended","4.4.1"
"brew","1.0-10",,"4.4.1"
"brio","1.1.5",,"4.4.1"
"broom","1.0.7",,"4.4.1"
"bslib","0.8.0",,"4.4.1"
"cachem","1.1.0",,"4.4.1"
"callr","3.7.6",,"4.4.1"
"caret","6.0-94",,"4.4.1"
"caTools","1.18.3",,"4.4.1"
"cellranger","1.1.0",,"4.4.1"
"checkmate","2.3.3",,"4.4.1"
"class","7.3-22","recommended","4.4.1"
"cli","3.6.3",,"4.4.1"
"clipr","0.8.0",,"4.4.1"
"clock","0.7.1",,"4.4.1"
"cluster","2.1.6","recommended","4.4.1"
"clusternor","0.0-4",,"4.4.1"
"codetools","0.2-20","recommended","4.4.1"
"colorspace","2.1-1",,"4.4.1"
"commonmark","1.9.2",,"4.4.1"
"compiler","4.4.1","base","4.4.1"
"conflicted","1.2.0",,"4.4.1"
"cowplot","1.1.3",,"4.4.1"
"cpp11","0.5.0",,"4.4.1"
"crayon","1.5.3",,"4.4.1"
"credentials","2.0.2",,"4.4.1"
"crosstalk","1.2.1",,"4.4.1"
"crul","1.5.0",,"4.4.1"
"curl","6.0.1",,"4.4.1"
"data.table","1.15.4",,"4.4.1"
"datasets","4.4.1","base","4.4.1"
"DBI","1.2.3",,"4.4.1"
"dbplyr","2.5.0",,"4.4.1"
"DelayedArray","0.32.0",,"4.4.1"
"deldir","2.0-4",,"4.4.1"
"DEoptimR","1.1-3-1",,"4.4.2"
"desc","1.4.3",,"4.4.1"
"devtools","2.4.5",,"4.4.1"
"diagram","1.6.5",,"4.4.1"
"diffobj","0.3.5",,"4.4.1"
"digest","0.6.37",,"4.4.1"
"diptest","0.77-2",,"4.4.1"
"doParallel","1.0.17",,"4.4.1"
"doSNOW","1.0.20",,"4.4.1"
"dotCall64","1.2",,"4.4.1"
"downlit","0.4.4",,"4.4.1"
"dplyr","1.1.4",,"4.4.1"
"dqrng","0.4.1",,"4.4.1"
"dtplyr","1.3.1",,"4.4.1"
"e1071","1.7-16",,"4.4.1"
"edgeR","4.4.2",,"4.4.1"
"ellipsis","0.3.2",,"4.4.1"
"evaluate","1.0.1",,"4.4.1"
"fansi","1.0.6",,"4.4.1"
"farver","2.1.2",,"4.4.1"
"fastDummies","1.7.4",,"4.4.1"
"fastmap","1.2.0",,"4.4.1"
"fitdistrplus","1.2-1",,"4.4.1"
"flexmix","2.3-20",,"4.4.1"
"FNN","1.1.4.1",,"4.4.1"
"fontawesome","0.5.2",,"4.4.1"
"forcats","1.0.0",,"4.4.1"
"foreach","1.5.2",,"4.4.1"
"foreign","0.8-87","recommended","4.4.1"
"formatR","1.14",,"4.4.1"
"fpc","2.2-13",,"4.4.1"
"fs","1.6.4",,"4.4.1"
"futile.logger","1.4.3",,"4.4.1"
"futile.options","1.0.1",,"4.4.1"
"future","1.68.0",,"4.4.1"
"future.apply","1.20.0",,"4.4.1"
"gargle","1.5.2",,"4.4.1"
"generics","0.1.3",,"4.4.1"
"GenomeInfoDb","1.42.3",,"4.4.1"
"GenomeInfoDbData","1.2.13",,"4.4.1"
"GenomicRanges","1.58.0",,"4.4.1"
"gert","2.1.4",,"4.4.1"
"ggbeeswarm","0.7.2",,"4.4.1"
"ggplot2","3.5.1",,"4.4.1"
"ggrepel","0.9.6",,"4.4.1"
"ggridges","0.5.6",,"4.4.1"
"gh","1.4.1",,"4.4.1"
"gistr","0.9.0",,"4.4.1"
"gitcreds","0.1.2",,"4.4.1"
"glmnet","4.1-8",,"4.4.1"
"globals","0.18.0",,"4.4.1"
"glue","1.8.0",,"4.4.1"
"Gmedian","1.2.7",,"4.4.1"
"goftest","1.2-3",,"4.4.1"
"googledrive","2.1.1",,"4.4.1"
"googlesheets4","1.1.1",,"4.4.1"
"gower","1.0.1",,"4.4.1"
"gplots","3.2.0",,"4.4.1"
"graphics","4.4.1","base","4.4.1"
"grDevices","4.4.1","base","4.4.1"
"grid","4.4.1","base","4.4.1"
"gridExtra","2.3",,"4.4.1"
"gtable","0.3.5",,"4.4.1"
"gtools","3.9.5",,"4.4.1"
"hardhat","1.4.0",,"4.4.1"
"haven","2.5.4",,"4.4.1"
"here","1.0.1",,"4.4.1"
"hexbin","1.28.4",,"4.4.1"
"highr","0.11",,"4.4.1"
"hms","1.1.3",,"4.4.1"
"htmltools","0.5.8.1",,"4.4.1"
"htmlwidgets","1.6.4",,"4.4.1"
"httpcode","0.3.0",,"4.4.1"
"httpuv","1.6.15",,"4.4.1"
"httr","1.4.7",,"4.4.1"
"httr2","1.0.7",,"4.4.1"
"ica","1.0-3",,"4.4.1"
"ICS","1.4-1",,"4.4.1"
"ICSNP","1.1-2",,"4.4.1"
"ids","1.0.1",,"4.4.1"
"igraph","2.2.1",,"4.4.1"
"ini","0.3.1",,"4.4.1"
"ipred","0.9-15",,"4.4.1"
"IRanges","2.40.1",,"4.4.1"
"IRdisplay","1.1",,"4.4.1"
"IRkernel","1.3.2",,"4.4.1"
"irlba","2.3.5.1",,"4.4.1"
"isoband","0.2.7",,"4.4.1"
"iterators","1.0.14",,"4.4.1"
"jquerylib","0.1.4",,"4.4.1"
"jsonlite","1.8.9",,"4.4.1"
"kernlab","0.9-33",,"4.4.1"
"KernSmooth","2.23-24","recommended","4.4.1"
"knitr","1.48",,"4.4.1"
"labeling","0.4.3",,"4.4.1"
"lambda.r","1.2.4",,"4.4.1"
"later","1.3.2",,"4.4.1"
"lattice","0.22-6","recommended","4.4.1"
"lava","1.8.0",,"4.4.1"
"lazyeval","0.2.2",,"4.4.1"
"leiden","0.4.3.1",,"4.4.1"
"lifecycle","1.0.4",,"4.4.1"
"limma","3.62.2",,"4.4.1"
"listenv","0.9.1",,"4.4.1"
"lmtest","0.9-40",,"4.4.1"
"lobstr","1.1.2",,"4.4.1"
"locfit","1.5-9.12",,"4.4.1"
"lubridate","1.9.3",,"4.4.1"
"magrittr","2.0.3",,"4.4.1"
"maps","3.4.2",,"4.4.1"
"MASS","7.3-60.0.1","recommended","4.4.1"
"Matrix","1.6-5","recommended","4.4.1"
"MatrixGenerics","1.18.1",,"4.4.1"
"matrixStats","1.4.1",,"4.4.1"
"mclust","6.1.2",,"4.4.1"
"memoise","2.0.1",,"4.4.1"
"metapod","1.14.0",,"4.4.1"
"methods","4.4.1","base","4.4.1"
"mgcv","1.9-1","recommended","4.4.1"
"mime","0.12",,"4.4.1"
"miniUI","0.1.1.1",,"4.4.1"
"minqa","1.2.8",,"4.4.1"
"mitools","2.4",,"4.4.1"
"ModelMetrics","1.2.2.2",,"4.4.1"
"modelr","0.1.11",,"4.4.1"
"modeltools","0.2-24",,"4.4.1"
"munsell","0.5.1",,"4.4.1"
"mvtnorm","1.3-2",,"4.4.1"
"nlme","3.1-165","recommended","4.4.1"
"nnet","7.3-19","recommended","4.4.1"
"numDeriv","2016.8-1.1",,"4.4.1"
"oocRPCA","0.0.0.9000",,"4.4.1"
"openssl","2.2.2",,"4.4.1"
"parallel","4.4.1","base","4.4.1"
"parallelly","1.45.1",,"4.4.1"
"patchwork","1.3.0",,"4.4.1"
"pbapply","1.7-2",,"4.4.1"
"pbdZMQ","0.3-13",,"4.4.1"
"pcaPP","2.0-5",,"4.4.1"
"pheatmap","1.0.13",,"4.4.1"
"pillar","1.9.0",,"4.4.1"
"pkgbuild","1.4.5",,"4.4.1"
"pkgconfig","2.0.3",,"4.4.1"
"pkgdown","2.1.1",,"4.4.1"
"pkgload","1.4.0",,"4.4.1"
"plotly","4.10.4",,"4.4.1"
"plyr","1.8.9",,"4.4.1"
"png","0.1-8",,"4.4.1"
"polyclip","1.10-7",,"4.4.1"
"prabclus","2.3-4",,"4.4.1"
"pracma","2.4.4",,"4.4.1"
"praise","1.0.0",,"4.4.1"
"prettyunits","1.2.0",,"4.4.1"
"pROC","1.18.5",,"4.4.1"
"processx","3.8.4",,"4.4.1"
"prodlim","2024.06.25",,"4.4.1"
"profvis","0.4.0",,"4.4.1"
"progress","1.2.3",,"4.4.1"
"progressr","0.15.1",,"4.4.2"
"promises","1.3.0",,"4.4.1"
"proxy","0.4-27",,"4.4.1"
"pryr","0.1.6",,"4.4.1"
"ps","1.8.0",,"4.4.1"
"purrr","1.0.2",,"4.4.1"
"quantmod","0.4.26",,"4.4.1"
"R.matlab","3.7.0",,"4.4.1"
"R.methodsS3","1.8.2",,"4.4.1"
"R.oo","1.26.0",,"4.4.1"
"R.utils","2.12.3",,"4.4.1"
"R6","2.5.1",,"4.4.1"
"ragg","1.3.3",,"4.4.1"
"randomForest","4.7-1.2",,"4.4.1"
"RANN","2.6.2",,"4.4.1"
"rappdirs","0.3.3",,"4.4.1"
"rbokeh","0.5.2",,"4.4.1"
"rcmdcheck","1.4.0",,"4.4.1"
"RColorBrewer","1.1-3",,"4.4.1"
"Rcpp","1.0.13",,"4.4.1"
"RcppAnnoy","0.0.22",,"4.4.1"
"RcppArmadillo","14.2.2-1",,"4.4.2"
"RcppEigen","0.3.4.0.2",,"4.4.1"
"RcppHNSW","0.6.0",,"4.4.1"
"RcppML","0.3.7",,"4.4.1"
"RcppProgress","0.4.2",,"4.4.1"
"RcppTOML","0.2.2",,"4.4.1"
"readr","2.1.5",,"4.4.1"
"readxl","1.4.5",,"4.4.1"
"recipes","1.1.0",,"4.4.1"
"rematch","2.0.0",,"4.4.1"
"rematch2","2.1.2",,"4.4.1"
"remotes","2.5.0",,"4.4.1"
"repr","1.1.7",,"4.4.1"
"reprex","2.1.1",,"4.4.1"
"reshape2","1.4.4",,"4.4.1"
"reticulate","1.40.0",,"4.4.1"
"rlang","1.1.4",,"4.4.1"
"rmarkdown","2.28",,"4.4.1"
"robustbase","0.99-4-1",,"4.4.1"
"ROCR","1.0-11",,"4.4.1"
"roxygen2","7.3.2",,"4.4.1"
"rpart","4.1.23","recommended","4.4.1"
"rpca","0.2.3",,"4.4.1"
"rprojroot","2.0.4",,"4.4.1"
"rrcov","1.7-7",,"4.4.1"
"RSpectra","0.16-2",,"4.4.1"
"rstudioapi","0.17.1",,"4.4.1"
"rsvd","1.0.5",,"4.4.1"
"Rtsne","0.17",,"4.4.1"
"rversions","2.1.2",,"4.4.1"
"rvest","1.0.4",,"4.4.1"
"S4Arrays","1.6.0",,"4.4.1"
"S4Vectors","0.44.0",,"4.4.1"
"sass","0.4.9",,"4.4.1"
"ScaledMatrix","1.14.0",,"4.4.1"
"scales","1.3.0",,"4.4.1"
"scattermore","1.2",,"4.4.1"
"scran","1.34.0",,"4.4.1"
"sctransform","0.4.1",,"4.4.1"
"scuttle","1.16.0",,"4.4.1"
"selectr","0.4-2",,"4.4.1"
"sessioninfo","1.2.2",,"4.4.1"
"Seurat","5.1.0",,"4.4.1"
"SeuratObject","5.0.2",,"4.4.1"
"shape","1.4.6.1",,"4.4.1"
"shiny","1.9.1",,"4.4.1"
"SingleCellExperiment","1.28.1",,"4.4.1"
"sitmo","2.0.2",,"4.4.1"
"snow","0.4-4",,"4.4.1"
"sourcetools","0.1.7-1",,"4.4.1"
"sp","2.1-4",,"4.4.1"
"spam","2.11-0",,"4.4.1"
"SparseArray","1.6.2",,"4.4.1"
"spatial","7.3-17","recommended","4.4.1"
"spatstat.data","3.1-2",,"4.4.1"
"spatstat.explore","3.3-2",,"4.4.1"
"spatstat.geom","3.3-3",,"4.4.1"
"spatstat.random","3.3-2",,"4.4.1"
"spatstat.sparse","3.1-0",,"4.4.1"
"spatstat.univar","3.0-1",,"4.4.1"
"spatstat.utils","3.1-0",,"4.4.1"
"splatter","1.30.0",,"4.4.1"
"splines","4.4.1","base","4.4.1"
"SQUAREM","2021.1",,"4.4.1"
"statmod","1.5.1",,"4.4.1"
"stats","4.4.1","base","4.4.1"
"stats4","4.4.1","base","4.4.1"
"stringi","1.8.4",,"4.4.1"
"stringr","1.5.1",,"4.4.1"
"SummarizedExperiment","1.36.0",,"4.4.1"
"survey","4.4-2",,"4.4.1"
"survival","3.7-0","recommended","4.4.1"
"sys","3.4.3",,"4.4.1"
"systemfonts","1.1.0",,"4.4.1"
"tcltk","4.4.1","base","4.4.1"
"tensor","1.5",,"4.4.1"
"testthat","3.2.2",,"4.4.1"
"textshaping","0.4.0",,"4.4.1"
"tibble","3.2.1",,"4.4.1"
"tidyr","1.3.1",,"4.4.1"
"tidyselect","1.2.1",,"4.4.1"
"tidyverse","2.0.0",,"4.4.1"
"timechange","0.3.0",,"4.4.1"
"timeDate","4041.110",,"4.4.1"
"tinytex","0.53",,"4.4.1"
"tools","4.4.1","base","4.4.1"
"triebeard","0.4.1",,"4.4.1"
"TTR","0.24.4",,"4.4.1"
"tzdb","0.4.0",,"4.4.1"
"UCSC.utils","1.2.0",,"4.4.1"
"urlchecker","1.0.1",,"4.4.1"
"urltools","1.7.3",,"4.4.1"
"usethis","3.1.0",,"4.4.1"
"utf8","1.2.4",,"4.4.1"
"utils","4.4.1","base","4.4.1"
"uuid","1.2-1",,"4.4.1"
"uwot","0.2.2",,"4.4.1"
"vctrs","0.6.5",,"4.4.1"
"vipor","0.4.7",,"4.4.1"
"viridis","0.6.5",,"4.4.1"
"viridisLite","0.4.2",,"4.4.1"
"vroom","1.6.5",,"4.4.1"
"waldo","0.6.1",,"4.4.1"
"whisker","0.4.1",,"4.4.1"
"withr","3.0.2",,"4.4.1"
"xfun","0.48",,"4.4.1"
"xml2","1.3.6",,"4.4.1"
"xopen","1.0.1",,"4.4.1"
"xtable","1.8-4",,"4.4.1"
"xts","0.14.1",,"4.4.1"
"XVector","0.46.0",,"4.4.1"
"yaml","2.3.10",,"4.4.1"
"zip","2.3.1",,"4.4.1"
"zlibbioc","1.52.0",,"4.4.1"
"zoo","1.8-12",,"4.4.1"
