PerturbationCondition,Level,Method,Mean,SD,Median,Q1,Q3,N
Shifted-cell fraction,2%,PCA,0.991774156249766,0.0110344666446201,0.996089653372611,0.990998178147149,0.997489577393357,10
Shifted-cell fraction,2%,PcaGrid,0.155776814835366,0.113825032682026,0.145483299955451,0.0961391179001031,0.263444107570759,10
Shifted-cell fraction,2%,PcaHubert,0.78381544391294,0.0932919071417129,0.774521670949436,0.712427281736547,0.831192364263062,10
Shifted-cell fraction,2%,PCP,0.997494741813685,0.000963166271693144,0.997601935215392,0.997451900970422,0.998196689460959,10
Shifted-cell fraction,2%,K's tau,0.979850255501061,0.044043187908589,0.996074423641681,0.993286462934257,0.997307667657816,10
Shifted-cell fraction,2%,Winsor,0.991936716780153,0.00601912503301147,0.993699953513491,0.989413377403669,0.996344242676128,10
Shifted-cell fraction,2%,Quad,0.994154015450392,0.00411988368206573,0.995605255627986,0.99324730382741,0.996853608010417,10
Shifted-cell fraction,2%,Ball,0.981853528768261,0.0411096739403478,0.995539561033477,0.991970761451267,0.996682354554464,10
Shifted-cell fraction,2%,Shell,0.99470252062055,0.00443911430067872,0.996144763273468,0.994501476631866,0.997074937894699,10
Shifted-cell fraction,2%,LR,0.993021804254785,0.00572235208059058,0.996193870653831,0.990532856679369,0.996985135610499,10
Shifted-cell fraction,8%,PCA,0.970622084461141,0.0430815381368742,0.985012212916503,0.978801937458389,0.991111190385099,10
Shifted-cell fraction,8%,PcaGrid,0.151895930633042,0.143806680270658,0.0955535275665859,0.0918895105538818,0.192030966981135,10
Shifted-cell fraction,8%,PcaHubert,0.738040643553737,0.118953140576,0.741971049130348,0.638234417547618,0.795603372746896,10
Shifted-cell fraction,8%,PCP,0.990640646772437,0.00666636425740509,0.993034046095067,0.990161091202849,0.994581203782891,10
Shifted-cell fraction,8%,K's tau,0.973550653896233,0.0289921191407582,0.982945851690505,0.97105997576869,0.990026705654994,10
Shifted-cell fraction,8%,Winsor,0.966623002578362,0.0218976426964585,0.97156753222157,0.95415504149177,0.982847327710445,10
Shifted-cell fraction,8%,Quad,0.979998178290943,0.00700628566639734,0.977540196997705,0.975301006767882,0.985698425399836,10
Shifted-cell fraction,8%,Ball,0.980097184252785,0.0147827143729944,0.986701660071968,0.981069544356592,0.987880480293592,10
Shifted-cell fraction,8%,Shell,0.973585792673621,0.0341469613929254,0.984900040156813,0.97665286918574,0.989457857446622,10
Shifted-cell fraction,8%,LR,0.975821851666611,0.0273855753110709,0.985393809431021,0.980630764946077,0.98940159775718,10
Shifted-cell fraction,10%,PCA,0.959370002990268,0.0413976024594826,0.974607696024547,0.965611945320609,0.983640000937248,10
Shifted-cell fraction,10%,PcaGrid,0.194468848110638,0.111202497643538,0.192117086561649,0.122967065627273,0.266125783787149,10
Shifted-cell fraction,10%,PcaHubert,0.759868796897193,0.0784940848694785,0.756249828516741,0.712900513100802,0.798727709169006,10
Shifted-cell fraction,10%,PCP,0.984759915330096,0.0176717123622228,0.990162880696283,0.987962646767646,0.994527489402908,10
Shifted-cell fraction,10%,K's tau,0.961961991352249,0.0387439418427006,0.980718684009837,0.957340740116047,0.985068462035981,10
Shifted-cell fraction,10%,Winsor,0.929733136681921,0.0586072871355995,0.950345835189796,0.935892857336778,0.9669815828681,10
Shifted-cell fraction,10%,Quad,0.941440851691577,0.0534262416741611,0.955472942472229,0.941497565405294,0.970930570864155,10
Shifted-cell fraction,10%,Ball,0.955845084474207,0.0384788053477768,0.973648727466334,0.93278899794443,0.982753829917802,10
Shifted-cell fraction,10%,Shell,0.970126213067887,0.0232998557260538,0.975933478033365,0.968167454818689,0.986337272472147,10
Shifted-cell fraction,10%,LR,0.973287734457184,0.0182671443230942,0.979849616863723,0.965698396610385,0.986333319924517,10
Shifted-cell fraction,4%,PCA,0.991050485174213,0.00365903283275323,0.990048704398564,0.988006995868482,0.994349759466189,10
Shifted-cell fraction,4%,PcaGrid,0.199435424046396,0.113091590685139,0.192345671272558,0.118798473174284,0.282480519182,10
Shifted-cell fraction,4%,PcaHubert,0.793799258488096,0.0915602034294831,0.762024245892496,0.742568513205245,0.817208529242123,10
Shifted-cell fraction,4%,PCP,0.993632783987908,0.00531135168931702,0.994671242164942,0.993822968118995,0.996147457407518,10
Shifted-cell fraction,4%,K's tau,0.985665317659105,0.0142945961955009,0.991388203649819,0.985697399460886,0.994009240018262,10
Shifted-cell fraction,4%,Winsor,0.974916726529418,0.0436088284528153,0.986362424135092,0.983763954314126,0.992248822435124,10
Shifted-cell fraction,4%,Quad,0.984230838746345,0.0202768753568295,0.992464705785837,0.985039076061111,0.994236915129112,10
Shifted-cell fraction,4%,Ball,0.974803176716193,0.0315054105370437,0.988837373866366,0.971735498633685,0.994867182731618,10
Shifted-cell fraction,4%,Shell,0.982505749459419,0.0245525451088102,0.992723857951178,0.992242933396547,0.994107211637989,10
Shifted-cell fraction,4%,LR,0.987413813603392,0.0120977701304653,0.994330210412818,0.984085755744873,0.994770700050771,10
Shifted-cell fraction,6%,PCA,0.983622857913392,0.00633076658973161,0.983571663781956,0.980510616417927,0.987571479754775,10
Shifted-cell fraction,6%,PcaGrid,0.144858864250062,0.129186716773345,0.192939269836227,0.00153524938245475,0.263957606134369,10
Shifted-cell fraction,6%,PcaHubert,0.775055256082039,0.0669865730929918,0.781387956018966,0.728816598894763,0.802532706947585,10
Shifted-cell fraction,6%,PCP,0.989556264841325,0.0142879766488649,0.99424186190966,0.99217914876154,0.995769894154244,10
Shifted-cell fraction,6%,K's tau,0.974958022271804,0.0410070174456802,0.989377588905723,0.982681621663827,0.990856193727043,10
Shifted-cell fraction,6%,Winsor,0.965089167595951,0.0242710319825688,0.971567386361778,0.955117607100166,0.982658877104102,10
Shifted-cell fraction,6%,Quad,0.978246071427596,0.0129134129022632,0.982962177880531,0.977244136851969,0.984352537074782,10
Shifted-cell fraction,6%,Ball,0.96513326289784,0.0336124913981491,0.982789538831451,0.946363055662419,0.989621003354411,10
Shifted-cell fraction,6%,Shell,0.961039594947063,0.0632045162118579,0.986112487127647,0.981102737989574,0.993221173781647,10
Shifted-cell fraction,6%,LR,0.964094270840103,0.0485750358173136,0.983162844609484,0.952648829065018,0.992928932121461,10
Doublet fraction,2%,PCA,0.812208009072603,0.0600648573691243,0.83650871691072,0.766176636493163,0.855398670126993,10
Doublet fraction,2%,PcaGrid,0.0671988803307889,0.0628417790325488,0.0946488481723717,0.000821696375715066,0.0986061710706903,10
Doublet fraction,2%,PcaHubert,0.647512493794311,0.100348228186511,0.640176112227788,0.590726977883716,0.724571438457796,10
Doublet fraction,2%,PCP,0.874220424198214,0.076967061027394,0.893119851987817,0.858842076880495,0.922216431775483,10
Doublet fraction,2%,K's tau,0.787951384932679,0.0518417510229661,0.767359819824683,0.753622602250217,0.800839121564596,10
Doublet fraction,2%,Winsor,0.836853813420646,0.0719424768845307,0.87088272646336,0.833009780771407,0.882719265124945,10
Doublet fraction,2%,Quad,0.824553189123657,0.0641261500998368,0.828240404650126,0.799623473813988,0.874445566886496,10
Doublet fraction,2%,Ball,0.834240543192948,0.0652733573171694,0.833663533417874,0.797916955817039,0.884472033430654,10
Doublet fraction,2%,Shell,0.85860962007153,0.0391912136473905,0.857309228950483,0.83677808518108,0.889557652561929,10
Doublet fraction,2%,LR,0.826613364342034,0.0542692444946249,0.818345821477038,0.781285642532274,0.860593472216076,10
Doublet fraction,5%,PCA,0.743543903340119,0.0669641697188523,0.73550068335303,0.699302170960069,0.781758266142385,10
Doublet fraction,5%,PcaGrid,0.029355443620376,0.0453825806162528,0.0016528480619318,0.000873877694199201,0.0703983015233357,10
Doublet fraction,5%,PcaHubert,0.576297175494424,0.0622608900218727,0.600578167809865,0.534485211509556,0.614133957563408,10
Doublet fraction,5%,PCP,0.78989423986794,0.0704674551968954,0.773337058953846,0.733803461251788,0.844820463939355,10
Doublet fraction,5%,K's tau,0.674534597486937,0.0627533245296351,0.646964688844677,0.637919590521589,0.707784908854677,10
Doublet fraction,5%,Winsor,0.733756199252484,0.0661477218809898,0.74829120738167,0.673022445483379,0.782897153240014,10
Doublet fraction,5%,Quad,0.740915748209167,0.0667919932917074,0.748940400026562,0.702387969204466,0.788983459038064,10
Doublet fraction,5%,Ball,0.721902821976223,0.0876827161451245,0.727508521652986,0.701469164913434,0.749002943952842,10
Doublet fraction,5%,Shell,0.776364362377752,0.0831325170600722,0.77506459561305,0.749309995318779,0.847443326302771,10
Doublet fraction,5%,LR,0.728652423523161,0.0917639313558448,0.730606158008521,0.680894260878708,0.783865227160373,10
Doublet fraction,8%,PCA,0.679656640296615,0.0665979512646717,0.68507966384302,0.61872641349873,0.717226723200096,10
Doublet fraction,8%,PcaGrid,0.0110211125111912,0.0279271519168895,0.00116677428885672,0.000696653567159818,0.00203140256389371,10
Doublet fraction,8%,PcaHubert,0.555925766438786,0.0430871082382455,0.557432683626574,0.524929934261732,0.581744116314113,10
Doublet fraction,8%,PCP,0.748715183117193,0.0478287764547451,0.738224694170589,0.72678071601196,0.748277898478581,10
Doublet fraction,8%,K's tau,0.637263783235614,0.0431681192319166,0.64986211537406,0.59808171677279,0.66401039248352,10
Doublet fraction,8%,Winsor,0.668344954099699,0.0374736076959184,0.661706144664329,0.648519765283973,0.682066501933641,10
Doublet fraction,8%,Quad,0.656462620888578,0.0444226118432044,0.65326899802774,0.639401181715196,0.670448730454011,10
Doublet fraction,8%,Ball,0.669844997038855,0.0560911960733023,0.675585862854836,0.647479235712406,0.689408579624769,10
Doublet fraction,8%,Shell,0.699624041756754,0.0797329329776082,0.707304329482816,0.63647091818919,0.753698953718597,10
Doublet fraction,8%,LR,0.675125665202151,0.033177591070967,0.676949647848366,0.655725623743784,0.688076896719699,10
Doublet fraction,10%,PCA,0.683114645217128,0.0605803313849725,0.680724033229269,0.647475413970876,0.706792219361481,10
Doublet fraction,10%,PcaGrid,0.0109850526123834,0.0286110544119674,0.00183511781057149,0.000795617308171624,0.00274109282702741,10
Doublet fraction,10%,PcaHubert,0.537687507409529,0.0558283666035492,0.519492815341812,0.496985899538935,0.586317855794025,10
Doublet fraction,10%,PCP,0.711278868216732,0.0560913357075796,0.730095378912378,0.664188961876462,0.7509430842211,10
Doublet fraction,10%,K's tau,0.577444433539312,0.0418842940319899,0.587849648171758,0.554504816858383,0.605401410339128,10
Doublet fraction,10%,Winsor,0.680613855974583,0.0390669085362274,0.694750718459482,0.645183294953081,0.710219065584168,10
Doublet fraction,10%,Quad,0.672285563519684,0.0362196968157387,0.67760992347087,0.65258137788807,0.699650686525539,10
Doublet fraction,10%,Ball,0.646447295248237,0.032679544185042,0.638223503832803,0.624607102237286,0.674474165884249,10
Doublet fraction,10%,Shell,0.664719293031702,0.0509415533373733,0.66154311522725,0.651454093081921,0.703407601455074,10
Doublet fraction,10%,LR,0.645891575933591,0.0377112433387765,0.650076003715325,0.631211375139964,0.665266378920269,10
Doublet fraction,15%,PCA,0.636776022986363,0.0424698937813299,0.641873417406838,0.602652672135489,0.660067516462792,10
Doublet fraction,15%,PcaGrid,0.00290021902641619,0.00262156057630073,0.00210241562513498,0.00155946911049581,0.0030497570759951,10
Doublet fraction,15%,PcaHubert,0.523810388280039,0.0411725574325058,0.521309432986451,0.504618180361812,0.547481996404262,10
Doublet fraction,15%,PCP,0.674635683862618,0.0508811126908186,0.678876165577041,0.675625724983829,0.699308141653886,10
Doublet fraction,15%,K's tau,0.576179551850659,0.0443120204000372,0.573797180432896,0.543541059001807,0.605289752040818,10
Doublet fraction,15%,Winsor,0.610323810777164,0.0444321955953471,0.606164621740103,0.578658864232459,0.620566059698173,10
Doublet fraction,15%,Quad,0.613357631752917,0.0507750484535937,0.611857088488822,0.576546508959265,0.618922706804608,10
Doublet fraction,15%,Ball,0.622262054834192,0.0489096407205007,0.613512989106602,0.59544078334424,0.662501798662355,10
Doublet fraction,15%,Shell,0.64590166087966,0.0498129137588915,0.639698862797431,0.615056681208279,0.670519729674155,10
Doublet fraction,15%,LR,0.630029924014381,0.0445733698250425,0.635135543241551,0.602569945785497,0.643728128746125,10
Dropout midpoint,-1,PCA,0.386472754877719,0.0394532742885381,0.386050961498237,0.373818309229054,0.420546485938496,10
Dropout midpoint,-1,PcaGrid,0.00165510487755784,0.00157984745732509,0.000979501519155911,0.000742579418571031,0.00202603851336262,10
Dropout midpoint,-1,PcaHubert,0.236522451781552,0.0630458729912819,0.228495361964035,0.203814650758875,0.271017595558974,10
Dropout midpoint,-1,PCP,0.429695991494023,0.0711309700994634,0.439553984910537,0.381409814803865,0.493979805048345,10
Dropout midpoint,-1,K's tau,0.373771658345768,0.0445557057518209,0.37430162305054,0.345065140924807,0.4134542360264,10
Dropout midpoint,-1,Winsor,0.383987320132063,0.0404863087696275,0.389136248002947,0.370755650312421,0.417161896989083,10
Dropout midpoint,-1,Quad,0.383762488867446,0.0403634203464724,0.387627821221689,0.373795226229149,0.416267901033582,10
Dropout midpoint,-1,Ball,0.374102005552609,0.0438822368063486,0.376076956095282,0.344851783361572,0.414052340244649,10
Dropout midpoint,-1,Shell,0.383250398358221,0.0389883694582609,0.387840681662392,0.368102170919799,0.415386429196709,10
Dropout midpoint,-1,LR,0.377544379594918,0.0432829382294518,0.3794020783156,0.355199836382173,0.415755419605273,10
Dropout midpoint,0,PCA,1,0,1,1,1,10
Dropout midpoint,0,PcaGrid,1,0,1,1,1,10
Dropout midpoint,0,PcaHubert,1,0,1,1,1,10
Dropout midpoint,0,PCP,1,0,1,1,1,10
Dropout midpoint,0,K's tau,1,0,1,1,1,10
Dropout midpoint,0,Winsor,1,0,1,1,1,10
Dropout midpoint,0,Quad,1,0,1,1,1,10
Dropout midpoint,0,Ball,1,0,1,1,1,10
Dropout midpoint,0,Shell,1,0,1,1,1,10
Dropout midpoint,0,LR,1,0,1,1,1,10
Dropout midpoint,1,PCA,0.358945609218086,0.0150775932433619,0.358066884094492,0.354386915226743,0.365936091374365,10
Dropout midpoint,1,PcaGrid,0.00150592600481444,0.00109914607881909,0.00151351649503728,0.000517819706278009,0.0020238129411211,10
Dropout midpoint,1,PcaHubert,0.339582105038883,0.0127531177057884,0.337033890854544,0.328207150519846,0.349338254674541,10
Dropout midpoint,1,PCP,0.362917578639512,0.0225171308680625,0.361496578783427,0.357038638634655,0.367756970091737,10
Dropout midpoint,1,K's tau,0.36523468654057,0.0164027044565602,0.36296798865124,0.353814250760114,0.373751610294246,10
Dropout midpoint,1,Winsor,0.359748077505731,0.01345105645613,0.35773002464239,0.353909405474431,0.364327588133798,10
Dropout midpoint,1,Quad,0.359232497812037,0.0151180965165031,0.357826944836811,0.349782299105858,0.365771290347462,10
Dropout midpoint,1,Ball,0.358500875290191,0.0185290782630924,0.361353122161491,0.351018465526391,0.368233153816848,10
Dropout midpoint,1,Shell,0.355862814691268,0.0163661966248298,0.357207919792762,0.343978982416602,0.365959463300595,10
Dropout midpoint,1,LR,0.357946164932606,0.0178241098616236,0.356739867110548,0.346969712705208,0.370237822010285,10
Dropout midpoint,2,PCA,0.303669341513223,0.020769233532152,0.305097583859374,0.292800184115063,0.318462004782602,10
Dropout midpoint,2,PcaGrid,0.00193748246907906,0.00152976887408763,0.00142848108552512,0.000952853161211272,0.0024810575981369,10
Dropout midpoint,2,PcaHubert,0.276227503102664,0.022899258804242,0.278945003394077,0.25375860203056,0.292123335018543,10
Dropout midpoint,2,PCP,0.138571554353054,0.0273634949181854,0.139764825903586,0.128182580095862,0.153140869773758,10
Dropout midpoint,2,K's tau,0.304209072783252,0.0180151229840907,0.306408615803468,0.296475060343677,0.310561293140904,10
Dropout midpoint,2,Winsor,0.301362638973346,0.0190401947568086,0.301240283289859,0.291897999405346,0.308259077947674,10
Dropout midpoint,2,Quad,0.30196830947331,0.0179347250955111,0.304833275953187,0.293335956956077,0.308675001449322,10
Dropout midpoint,2,Ball,0.297379133435987,0.0160943226852286,0.302790185705121,0.288232645686687,0.306180257545862,10
Dropout midpoint,2,Shell,0.301353376945355,0.0169524941713382,0.303500158070178,0.29111383018037,0.308622115228919,10
Dropout midpoint,2,LR,0.302063758091941,0.0161079910709363,0.306229008749436,0.291966084192759,0.308399134161871,10
Dropout midpoint,3,PCA,0.238436924724806,0.0204482910887553,0.240412518673152,0.226707650808869,0.24765344061117,10
Dropout midpoint,3,PcaGrid,0.00126993949082335,0.000406104647181594,0.00116553521757845,0.000942730781556451,0.00143733354741243,10
Dropout midpoint,3,PcaHubert,0.215325618186085,0.023013940197656,0.213247282273335,0.203711593158642,0.22742387427591,10
Dropout midpoint,3,PCP,0.0694377219143941,0.00992383856020666,0.0668754727731768,0.0643629509294508,0.072701466824565,10
Dropout midpoint,3,K's tau,0.240211820110368,0.0208367761596394,0.236996896194611,0.226704533756945,0.254174972244103,10
Dropout midpoint,3,Winsor,0.237485692815367,0.0209555041913855,0.238930381234286,0.224633756061983,0.247977542591256,10
Dropout midpoint,3,Quad,0.238425866067129,0.0208924667656449,0.236622561378877,0.224506260855964,0.251556992247255,10
Dropout midpoint,3,Ball,0.238576576230335,0.0223648756339836,0.237408581847259,0.231190000018196,0.250781620815007,10
Dropout midpoint,3,Shell,0.235651734737574,0.0190858186459129,0.236523641173731,0.221389998147313,0.2437320608971,10
Dropout midpoint,3,LR,0.23706887045554,0.0218000250943286,0.23608690695691,0.226803961246988,0.2473798758711,10
Shift magnitude,2,PCA,0.991774156249766,0.0110344666446201,0.996089653372611,0.990998178147149,0.997489577393357,10
Shift magnitude,2,PcaGrid,0.155776814835366,0.113825032682026,0.145483299955451,0.0961391179001031,0.263444107570759,10
Shift magnitude,2,PcaHubert,0.78381544391294,0.0932919071417129,0.774521670949436,0.712427281736547,0.831192364263062,10
Shift magnitude,2,PCP,0.997494741813685,0.000963166271693144,0.997601935215392,0.997451900970422,0.998196689460959,10
Shift magnitude,2,K's tau,0.979850255501061,0.044043187908589,0.996074423641681,0.993286462934257,0.997307667657816,10
Shift magnitude,2,Winsor,0.991936716780153,0.00601912503301147,0.993699953513491,0.989413377403669,0.996344242676128,10
Shift magnitude,2,Quad,0.994154015450392,0.00411988368206573,0.995605255627986,0.99324730382741,0.996853608010417,10
Shift magnitude,2,Ball,0.981853528768261,0.0411096739403478,0.995539561033477,0.991970761451267,0.996682354554464,10
Shift magnitude,2,Shell,0.99470252062055,0.00443911430067872,0.996144763273468,0.994501476631866,0.997074937894699,10
Shift magnitude,2,LR,0.993021804254785,0.00572235208059058,0.996193870653831,0.990532856679369,0.996985135610499,10
Shift magnitude,3,PCA,0.982942513497535,0.0153451118378182,0.986772954499504,0.976559333244801,0.994198950566851,10
Shift magnitude,3,PcaGrid,0.218858357602385,0.14319352424012,0.234132940797632,0.0938679585833502,0.353192664641601,10
Shift magnitude,3,PcaHubert,0.77654698426479,0.0683561284145333,0.79685722508567,0.713610084854256,0.831306344280223,10
Shift magnitude,3,PCP,0.995078147076784,0.00172201706120406,0.994903871598288,0.993832397054866,0.996505816682744,10
Shift magnitude,3,K's tau,0.951469713061071,0.0683677121585709,0.989994824822804,0.936048285891045,0.993287945426295,10
Shift magnitude,3,Winsor,0.957033466848213,0.0514954722361227,0.98029509262819,0.955026087993973,0.991115131223608,10
Shift magnitude,3,Quad,0.982834698098999,0.0111514274980594,0.985874749502128,0.971593519235517,0.992294103854541,10
Shift magnitude,3,Ball,0.968353301124668,0.0530010986119355,0.986804613294128,0.977557030883784,0.992452811031248,10
Shift magnitude,3,Shell,0.987587343390574,0.00612380974195461,0.98940561086652,0.986190169121675,0.991967343573903,10
Shift magnitude,3,LR,0.97994404568186,0.0201618058235676,0.989361509124775,0.977276897067169,0.99335714253658,10
Shift magnitude,1.5,PCA,0.997645232329199,0.00191707336149587,0.998337274318028,0.996541120702179,0.999180856215184,10
Shift magnitude,1.5,PcaGrid,0.165093995935709,0.0647665450194337,0.186128484506654,0.10049798456885,0.198052898504403,10
Shift magnitude,1.5,PcaHubert,0.815197191459719,0.104475698765975,0.799555095686321,0.730006966271308,0.899119051235296,10
Shift magnitude,1.5,PCP,0.998644444430795,0.000831531698307747,0.999049084705655,0.998448897128535,0.999119690042235,10
Shift magnitude,1.5,K's tau,0.983472961915667,0.0430401696626823,0.997530716991353,0.997264543282601,0.998857262713447,10
Shift magnitude,1.5,Winsor,0.996203767692767,0.00310783022782164,0.997188562316365,0.994880989348702,0.998316379315945,10
Shift magnitude,1.5,Quad,0.997323104988527,0.00201630908959656,0.997933425722722,0.997325804886768,0.998567775699648,10
Shift magnitude,1.5,Ball,0.987796270778735,0.0300136460600156,0.998039292649394,0.997180044167644,0.998296160947156,10
Shift magnitude,1.5,Shell,0.997561432109537,0.00307533503893512,0.998465749913675,0.998029437234177,0.998728020554345,10
Shift magnitude,1.5,LR,0.997795829851821,0.00138676855638886,0.998300069289663,0.997360318414829,0.998777207998276,10
Shift magnitude,4,PCA,0.971138008681218,0.020050900789729,0.971540386636999,0.95781256062751,0.988970154336488,10
Shift magnitude,4,PcaGrid,0.126584032084199,0.0652852128424656,0.10066715531427,0.0959463032598965,0.191158822867885,10
Shift magnitude,4,PcaHubert,0.774732953946307,0.0860426447410513,0.781089787043554,0.747560083603711,0.821515739462878,10
Shift magnitude,4,PCP,0.992690306039876,0.00364813987456759,0.993940324794586,0.990997493460899,0.994977988923661,10
Shift magnitude,4,K's tau,0.912554573457142,0.0874295217101294,0.954093337519197,0.82303148237896,0.989285984019119,10
Shift magnitude,4,Winsor,0.944166381307081,0.0505642923297495,0.966853045721156,0.913439060297504,0.983656702719076,10
Shift magnitude,4,Quad,0.964171686345638,0.0289826141031138,0.972621825184498,0.957116737062826,0.983914270096891,10
Shift magnitude,4,Ball,0.955411031714297,0.054488193898875,0.972749296656596,0.959371594766118,0.985427388289929,10
Shift magnitude,4,Shell,0.979743479791855,0.00765154413005282,0.979381977237864,0.976277290805641,0.986284349193141,10
Shift magnitude,4,LR,0.963959633813138,0.0345404345800901,0.982073774147911,0.937944439900682,0.988912470108611,10
Shift magnitude,5,PCA,0.942119472149962,0.0452011661398745,0.952753407379889,0.914855012681794,0.978659638509398,10
Shift magnitude,5,PcaGrid,0.152496913511642,0.135459959898768,0.142883718022834,0.0240228287006143,0.260277695845764,10
Shift magnitude,5,PcaHubert,0.719678650415088,0.0752013110832349,0.732803629240654,0.68782903487904,0.746024329248347,10
Shift magnitude,5,PCP,0.938690546042013,0.131632254845886,0.982655475781364,0.961898616482646,0.991350756141974,10
Shift magnitude,5,K's tau,0.902014980773253,0.0848845040984125,0.918534180490752,0.814263296629497,0.981374822500395,10
Shift magnitude,5,Winsor,0.929477481224385,0.0492832515928394,0.939827243977519,0.891615782072968,0.966370990704396,10
Shift magnitude,5,Quad,0.944700965103527,0.0418172175108169,0.953904927164772,0.939220039155281,0.964736978562272,10
Shift magnitude,5,Ball,0.931574012984222,0.0629918488270469,0.960019274425303,0.912463232089302,0.978207882220832,10
Shift magnitude,5,Shell,0.970659091397672,0.0104293325401407,0.96965221630786,0.963510086968608,0.979585972541519,10
Shift magnitude,5,LR,0.950425466647708,0.0490572981556901,0.972211901678513,0.935055022782584,0.981574282322891,10
