PerturbationCondition,Level,Method,MeanARI,SDARI,MeanG,SDG,N
Dropout midpoint,-1,PCA,0.594689039730654,0.0618339069708357,10.5,1.58113883008419,10
Dropout midpoint,-1,PcaGrid,0.00549399664363852,0.0086776998605438,11.2,2.39443799947573,10
Dropout midpoint,-1,PcaHubert,0.676137439734313,0.075560362376526,8,1.49071198499986,10
Dropout midpoint,-1,PCP,0.94213926494943,0.0797320950440721,5.6,0.699205898780101,10
Dropout midpoint,-1,K's tau,0.748655147860054,0.111056580409469,7.6,1.34989711542111,10
Dropout midpoint,-1,Winsor,0.656267228119515,0.062631812686583,9.2,0.788810637746616,10
Dropout midpoint,-1,Quad,0.620328186389532,0.0433901436062279,9.5,0.97182531580755,10
Dropout midpoint,-1,Ball,0.673282460124886,0.110241403198069,8.4,1.57762127549323,10
Dropout midpoint,-1,Shell,0.641657376322102,0.0717946816871487,8.7,1.05934990547138,10
Dropout midpoint,-1,LR,0.660696849489442,0.0563032516086331,8.4,0.843274042711568,10
Dropout midpoint,0,PCA,0.627916597008997,0.0666698991138448,9.3,1.41813649241218,10
Dropout midpoint,0,PcaGrid,0.000919988026011985,0.00279207717577889,12.8,2.5298221281347,10
Dropout midpoint,0,PcaHubert,0.767793164538293,0.0896490109161779,6.7,0.823272602348565,10
Dropout midpoint,0,PCP,0.980673357331525,0.00851784048324961,5,0,10
Dropout midpoint,0,K's tau,0.811131585800821,0.126589207193476,6.4,1.07496769977314,10
Dropout midpoint,0,Winsor,0.659261661935161,0.0537650952365523,8.6,0.966091783079296,10
Dropout midpoint,0,Quad,0.675697166510316,0.0463067608691887,8.1,0.567646212197547,10
Dropout midpoint,0,Ball,0.789864458198153,0.127005618523165,6.6,1.17378779077727,10
Dropout midpoint,0,Shell,0.673419265376196,0.0799772110016578,8,1.63299316185545,10
Dropout midpoint,0,LR,0.725892275684586,0.0837540379551211,7.3,1.15950180872841,10
Dropout midpoint,1,PCA,0.84312001574771,0.0632377572093676,5.6,0.699205898780101,10
Dropout midpoint,1,PcaGrid,0.00121307804340695,0.00204063109142157,12.3,3.05686840482943,10
Dropout midpoint,1,PcaHubert,0.865422696684977,0.0474451317757175,4.6,0.516397779494322,10
Dropout midpoint,1,PCP,0.848083539299659,0.0491777309685308,4.2,0.421637021355784,10
Dropout midpoint,1,K's tau,0.888033221527631,0.0427931447822076,4.8,0.421637021355784,10
Dropout midpoint,1,Winsor,0.843500741665654,0.0714849811345529,5.4,0.966091783079296,10
Dropout midpoint,1,Quad,0.851623389200749,0.0636604124199342,5.3,0.948683298050514,10
Dropout midpoint,1,Ball,0.869020533135669,0.0574167604562919,4.9,0.567646212197547,10
Dropout midpoint,1,Shell,0.800509033111523,0.109384438937216,5.5,1.26929551764398,10
Dropout midpoint,1,LR,0.862931159249026,0.0665554491033647,5.1,0.567646212197547,10
Dropout midpoint,2,PCA,0.667076789192764,0.0810923842120777,4.6,0.516397779494322,10
Dropout midpoint,2,PcaGrid,0.00199506642345312,0.00412811563717233,13.8,1.3984117975602,10
Dropout midpoint,2,PcaHubert,0.62286172727116,0.134004574344781,3.7,0.674948557710553,10
Dropout midpoint,2,PCP,0.375680699308764,0.209274314852524,3.1,0.994428926011753,10
Dropout midpoint,2,K's tau,0.694901465132004,0.0709876379955794,4.1,0.316227766016838,10
Dropout midpoint,2,Winsor,0.679143177900414,0.0748642491984761,4.1,0.316227766016838,10
Dropout midpoint,2,Quad,0.683052847688429,0.0783594161490607,3.9,0.316227766016838,10
Dropout midpoint,2,Ball,0.690755314287346,0.0779214842243328,4.1,0.316227766016838,10
Dropout midpoint,2,Shell,0.676816112614055,0.0810899649334121,4,0,10
Dropout midpoint,2,LR,0.684395536425122,0.074862055096253,4,0,10
Dropout midpoint,3,PCA,0.187898328620444,0.212065514051028,3.8,1.13529242439509,10
Dropout midpoint,3,PcaGrid,1.56157365416129e-05,0.000924225917188118,14.3,1.05934990547138,10
Dropout midpoint,3,PcaHubert,0.0972021552660783,0.195588269626623,2.2,0.788810637746616,10
Dropout midpoint,3,PCP,0.00194612422249577,0.00261736164142265,3.4,1.26491106406735,10
Dropout midpoint,3,K's tau,0.229536474944824,0.244761616207036,2.5,1.26929551764398,10
Dropout midpoint,3,Winsor,0.126685912499147,0.175618518542052,2.8,1.31656117720877,10
Dropout midpoint,3,Quad,0.12355437489305,0.172240207771451,2.9,1.28668393770792,10
Dropout midpoint,3,Ball,0.150235762764077,0.2006647133819,2.7,0.948683298050514,10
Dropout midpoint,3,Shell,0.0655968234428433,0.132936187704368,2.5,0.97182531580755,10
Dropout midpoint,3,LR,0.10585331269111,0.190171015369807,2.5,0.849836585598798,10
Doublet fraction,2%,PCA,0.660395023040222,0.101002915785111,9.7,1.76698110409314,10
Doublet fraction,2%,PcaGrid,0.00163309971480443,0.003175981555938,10.6,4.16866618689693,10
Doublet fraction,2%,PcaHubert,0.817107099754557,0.139266383130974,6.7,1.56702123647242,10
Doublet fraction,2%,PCP,0.953153690688709,0.0866663242616255,5.6,0.843274042711568,10
Doublet fraction,2%,K's tau,0.855963850981125,0.140685977377009,6.5,1.77951304200522,10
Doublet fraction,2%,Winsor,0.667802680981974,0.0641023528902831,9.1,1.19721899973786,10
Doublet fraction,2%,Quad,0.653287160559473,0.0963163275276151,9.3,1.76698110409314,10
Doublet fraction,2%,Ball,0.808851683281095,0.132623732582098,7.1,1.79195734076208,10
Doublet fraction,2%,Shell,0.695025998526744,0.0650555953443926,8.5,1.08012344973464,10
Doublet fraction,2%,LR,0.739708465863746,0.140765583848527,8,1.82574185835055,10
Doublet fraction,5%,PCA,0.724748411756087,0.0871727402167671,9.1,1.10050493461461,10
Doublet fraction,5%,PcaGrid,0.000201521831714533,0.00207948016843015,11,4.18993502999218,10
Doublet fraction,5%,PcaHubert,0.841525932884274,0.106888510160569,7.1,0.994428926011753,10
Doublet fraction,5%,PCP,0.979491317379763,0.00711499322028064,6,0,10
Doublet fraction,5%,K's tau,0.897271447094432,0.100613185108173,7,1.15470053837925,10
Doublet fraction,5%,Winsor,0.724631584297207,0.0692955434973691,8.9,1.28668393770792,10
Doublet fraction,5%,Quad,0.715847710988073,0.0735768835707542,8.9,0.994428926011753,10
Doublet fraction,5%,Ball,0.905864611486234,0.0935370746866379,6.7,0.674948557710553,10
Doublet fraction,5%,Shell,0.703587833836809,0.0707498886339476,8.8,0.918936583472682,10
Doublet fraction,5%,LR,0.765652278012958,0.145932197238111,8.1,1.66332999331662,10
Doublet fraction,8%,PCA,0.733152759759207,0.0515089862687211,8.8,0.788810637746616,10
Doublet fraction,8%,PcaGrid,0.00126498705108906,0.00233997182214099,10.9,5.30094331227943,10
Doublet fraction,8%,PcaHubert,0.872655296885894,0.117161282106663,6.8,0.788810637746616,10
Doublet fraction,8%,PCP,0.980338980146189,0.00597355792222823,6,0,10
Doublet fraction,8%,K's tau,0.905213988798389,0.0924594755556073,7.2,0.918936583472681,10
Doublet fraction,8%,Winsor,0.739044860074389,0.073951735731843,9.1,1.59513148186739,10
Doublet fraction,8%,Quad,0.719472413952365,0.0588627183534199,9.3,1.94650684275419,10
Doublet fraction,8%,Ball,0.867364516101907,0.126632313962156,7.1,1.28668393770792,10
Doublet fraction,8%,Shell,0.717335310922782,0.0584387340303722,8.7,1.15950180872841,10
Doublet fraction,8%,LR,0.797365940605205,0.123422263378904,8.1,1.59513148186739,10
Doublet fraction,10%,PCA,0.732715518057319,0.052804481695328,9,1.24721912892465,10
Doublet fraction,10%,PcaGrid,0.00185345888913407,0.00405807727916957,10.1,3.75499667110372,10
Doublet fraction,10%,PcaHubert,0.802153780423386,0.134600052501742,8,2.35702260395516,10
Doublet fraction,10%,PCP,0.966606914708827,0.0277946106024821,6.4,0.843274042711568,10
Doublet fraction,10%,K's tau,0.894800822216171,0.0932450839120832,7.5,0.849836585598798,10
Doublet fraction,10%,Winsor,0.726435369971527,0.0380346232120268,9.1,0.875595035770913,10
Doublet fraction,10%,Quad,0.731118462159718,0.0466599234455684,9,1.82574185835055,10
Doublet fraction,10%,Ball,0.817007522921328,0.0952519571680317,7.9,0.994428926011753,10
Doublet fraction,10%,Shell,0.68783388560858,0.0844258313519154,9.7,2.35937844922485,10
Doublet fraction,10%,LR,0.812093519227418,0.111281128335507,8.2,1.13529242439509,10
Doublet fraction,15%,PCA,0.813688243007432,0.104087415842758,8.3,1.82878222991269,10
Doublet fraction,15%,PcaGrid,0.00264150830817913,0.00460850214552887,11.1,3.75499667110372,10
Doublet fraction,15%,PcaHubert,0.906100386961519,0.115022577347884,6.9,1.72884033065199,10
Doublet fraction,15%,PCP,0.973360515495793,0.00963748769420066,6.2,0.421637021355784,10
Doublet fraction,15%,K's tau,0.913606366241997,0.078499247552716,7.5,0.97182531580755,10
Doublet fraction,15%,Winsor,0.758745193035449,0.124350747636739,9.1,2.60128173535022,10
Doublet fraction,15%,Quad,0.762653913945966,0.123399779343184,9.4,2.41292814278051,10
Doublet fraction,15%,Ball,0.88237159329194,0.141357813434891,7.6,2.36643191323985,10
Doublet fraction,15%,Shell,0.81000642803644,0.115509289279799,8.5,1.95789002074512,10
Doublet fraction,15%,LR,0.824989615852821,0.153867232017198,8.7,2.83039062871384,10
Shifted-cell fraction,2%,PCA,0.668147510203893,0.112936894676483,8.8,1.98885785202351,10
Shifted-cell fraction,2%,PcaGrid,0.00191932781903486,0.00145958373379204,12,3.09120616516523,10
Shifted-cell fraction,2%,PcaHubert,0.785772992572132,0.113198160439179,6.6,1.07496769977314,10
Shifted-cell fraction,2%,PCP,0.980987280973,0.00813317233454075,5,0,10
Shifted-cell fraction,2%,K's tau,0.84103881160892,0.103979440172113,6.2,0.918936583472681,10
Shifted-cell fraction,2%,Winsor,0.665711306321638,0.116258854060636,8.7,2.00277585143997,10
Shifted-cell fraction,2%,Quad,0.661348327407273,0.0890135641527424,8.7,1.56702123647242,10
Shifted-cell fraction,2%,Ball,0.783660826426453,0.131672735102014,6.7,1.41813649241218,10
Shifted-cell fraction,2%,Shell,0.644394992749748,0.0822905230704929,8.7,1.76698110409314,10
Shifted-cell fraction,2%,LR,0.753003682681831,0.128551199357432,7.1,1.52388392675499,10
Shifted-cell fraction,4%,PCA,0.646348971002419,0.0757949033605137,9,1.24721912892465,10
Shifted-cell fraction,4%,PcaGrid,0.00122596794502899,0.0018874402620842,12.3,4.16466618643613,10
Shifted-cell fraction,4%,PcaHubert,0.810083655548867,0.125039499310622,6.2,0.918936583472681,10
Shifted-cell fraction,4%,PCP,0.980725731657603,0.00782245876212461,5,0,10
Shifted-cell fraction,4%,K's tau,0.847994632890816,0.0998617344608575,6.1,0.875595035770913,10
Shifted-cell fraction,4%,Winsor,0.66192225437121,0.072218134686084,8.7,1.25166555703457,10
Shifted-cell fraction,4%,Quad,0.677131866803223,0.0876895737681747,8.4,1.50554530541816,10
Shifted-cell fraction,4%,Ball,0.762404892592673,0.0993023242954839,6.8,0.918936583472681,10
Shifted-cell fraction,4%,Shell,0.663890094977566,0.0602846020523603,8.1,0.994428926011753,10
Shifted-cell fraction,4%,LR,0.735711533678079,0.0934132212838565,7.3,1.25166555703457,10
Shifted-cell fraction,6%,PCA,0.66226043348067,0.0793364975355224,8.6,1.17378779077727,10
Shifted-cell fraction,6%,PcaGrid,0.00277033056687965,0.00315275180043805,9.1,3.900142447541,10
Shifted-cell fraction,6%,PcaHubert,0.787375063131864,0.114610430699408,6.5,0.97182531580755,10
Shifted-cell fraction,6%,PCP,0.955047476937744,0.0835138974544531,5.2,0.632455532033676,10
Shifted-cell fraction,6%,K's tau,0.802817136575216,0.129451187683853,6.7,1.33749350984926,10
Shifted-cell fraction,6%,Winsor,0.668117707823606,0.0707611437090659,8.6,1.07496769977314,10
Shifted-cell fraction,6%,Quad,0.698972699376571,0.0498770648317429,7.8,0.788810637746616,10
Shifted-cell fraction,6%,Ball,0.755351090917123,0.141761328680719,7.1,1.59513148186739,10
Shifted-cell fraction,6%,Shell,0.654413185795686,0.060606157618428,8.3,1.05934990547138,10
Shifted-cell fraction,6%,LR,0.763775868919497,0.0913809079797054,6.8,0.788810637746616,10
Shifted-cell fraction,8%,PCA,0.660415670008803,0.0598809451374104,8.6,0.699205898780101,10
Shifted-cell fraction,8%,PcaGrid,0.000711584698649868,0.00306625904395397,12.2,2.61618891604648,10
Shifted-cell fraction,8%,PcaHubert,0.789355136012494,0.115217646280959,6.5,0.97182531580755,10
Shifted-cell fraction,8%,PCP,0.979536430323248,0.00815377825239086,5,0,10
Shifted-cell fraction,8%,K's tau,0.845186591201704,0.113976412729251,6.3,0.948683298050514,10
Shifted-cell fraction,8%,Winsor,0.659529723759397,0.0760151896636085,8.7,1.05934990547138,10
Shifted-cell fraction,8%,Quad,0.687721891406405,0.099104451544625,8.1,1.44913767461894,10
Shifted-cell fraction,8%,Ball,0.757289780631183,0.121366011732187,7,1.63299316185545,10
Shifted-cell fraction,8%,Shell,0.637826065131891,0.0762619775614932,8.4,1.26491106406735,10
Shifted-cell fraction,8%,LR,0.70156212444606,0.0973977837151054,7.7,1.33749350984926,10
Shifted-cell fraction,10%,PCA,0.680238085158522,0.0950255529981636,8.5,1.26929551764398,10
Shifted-cell fraction,10%,PcaGrid,0.00226126944724771,0.00348977996793609,11.7,3.36815148775177,10
Shifted-cell fraction,10%,PcaHubert,0.805808801598616,0.106741646388076,6.2,0.788810637746616,10
Shifted-cell fraction,10%,PCP,0.979875810927761,0.0088246416614866,5,0,10
Shifted-cell fraction,10%,K's tau,0.809864973335369,0.141502155826147,6.6,1.34989711542111,10
Shifted-cell fraction,10%,Winsor,0.667587411400934,0.0828962719061532,8.5,1.08012344973464,10
Shifted-cell fraction,10%,Quad,0.664042186937881,0.0837725480272534,8.6,1.71269767715535,10
Shifted-cell fraction,10%,Ball,0.797805969798035,0.109520373872494,6.4,0.843274042711568,10
Shifted-cell fraction,10%,Shell,0.658080872107872,0.0783109278156337,8.1,1.3703203194063,10
Shifted-cell fraction,10%,LR,0.729724055782773,0.128153846933126,7.4,1.64654520469713,10
Shift magnitude,1.5,PCA,0.684732865832257,0.082244963429965,8.4,1.07496769977314,10
Shift magnitude,1.5,PcaGrid,0.00375923739408639,0.00392926771011238,10.8,3.70585122924995,10
Shift magnitude,1.5,PcaHubert,0.795126842725183,0.107810038467157,6.4,0.843274042711568,10
Shift magnitude,1.5,PCP,0.981000662631974,0.00792563612060689,5,0,10
Shift magnitude,1.5,K's tau,0.830456054824003,0.138675613903741,6.4,1.50554530541816,10
Shift magnitude,1.5,Winsor,0.662795752764366,0.0593667546454455,8.4,0.966091783079296,10
Shift magnitude,1.5,Quad,0.673703527440836,0.0728581341507782,8.4,1.42984070596848,10
Shift magnitude,1.5,Ball,0.77213989572248,0.116991161767877,6.7,1.15950180872841,10
Shift magnitude,1.5,Shell,0.656196786347675,0.0509279065606505,8.1,0.875595035770913,10
Shift magnitude,1.5,LR,0.737574825868559,0.105549100510713,7.2,0.918936583472681,10
Shift magnitude,2,PCA,0.668147510203893,0.112936894676483,8.8,1.98885785202351,10
Shift magnitude,2,PcaGrid,0.00191932781903486,0.00145958373379204,12,3.09120616516523,10
Shift magnitude,2,PcaHubert,0.785772992572132,0.113198160439179,6.6,1.07496769977314,10
Shift magnitude,2,PCP,0.980987280973,0.00813317233454075,5,0,10
Shift magnitude,2,K's tau,0.84103881160892,0.103979440172113,6.2,0.918936583472681,10
Shift magnitude,2,Winsor,0.665711306321638,0.116258854060636,8.7,2.00277585143997,10
Shift magnitude,2,Quad,0.661348327407273,0.0890135641527424,8.7,1.56702123647242,10
Shift magnitude,2,Ball,0.783660826426453,0.131672735102014,6.7,1.41813649241218,10
Shift magnitude,2,Shell,0.644394992749748,0.0822905230704929,8.7,1.76698110409314,10
Shift magnitude,2,LR,0.753003682681831,0.128551199357432,7.1,1.52388392675499,10
Shift magnitude,3,PCA,0.687750410745357,0.0727535826324888,8.3,1.05934990547138,10
Shift magnitude,3,PcaGrid,0.00169254083007418,0.0050852136883674,11.2,3.64539283053128,10
Shift magnitude,3,PcaHubert,0.808097528703274,0.116498687315014,6.3,0.948683298050514,10
Shift magnitude,3,PCP,0.980746517136896,0.0085275045165685,5,0,10
Shift magnitude,3,K's tau,0.824423014836057,0.150012651672722,6.5,1.77951304200522,10
Shift magnitude,3,Winsor,0.64706882351698,0.0698291034002868,8.9,1.44913767461894,10
Shift magnitude,3,Quad,0.646217441753942,0.0850831949117977,8.8,1.47572957474524,10
Shift magnitude,3,Ball,0.753241387951624,0.0957957147516823,6.9,0.875595035770913,10
Shift magnitude,3,Shell,0.63410002128338,0.0731348698781071,8.8,1.3984117975602,10
Shift magnitude,3,LR,0.739380236226538,0.0961080684652893,7.2,1.03279555898864,10
Shift magnitude,4,PCA,0.641833280336511,0.0564285936893038,9.1,1.19721899973786,10
Shift magnitude,4,PcaGrid,0.00054156383812491,0.0021067103156126,8.5,4.11636301174282,10
Shift magnitude,4,PcaHubert,0.826878932343053,0.10796836378835,6.1,0.875595035770913,10
Shift magnitude,4,PCP,0.980615024796775,0.00840047768092271,5,0,10
Shift magnitude,4,K's tau,0.847756867039233,0.15566391371244,6.3,1.70293863659264,10
Shift magnitude,4,Winsor,0.658392840764267,0.103964495870911,8.7,1.76698110409314,10
Shift magnitude,4,Quad,0.696802326940882,0.11781048352353,8.1,1.59513148186739,10
Shift magnitude,4,Ball,0.73802621204436,0.131099441992544,7.3,1.56702123647242,10
Shift magnitude,4,Shell,0.6437473726296,0.0609194939832203,8.4,1.26491106406735,10
Shift magnitude,4,LR,0.722494416952016,0.103742562643758,7.5,1.26929551764398,10
Shift magnitude,5,PCA,0.688848536542082,0.0789301394509254,8.2,1.13529242439509,10
Shift magnitude,5,PcaGrid,0.00122932783448987,0.00373125495975412,11,3.23178657161089,10
Shift magnitude,5,PcaHubert,0.831649817940045,0.12363774688949,6.1,0.875595035770913,10
Shift magnitude,5,PCP,0.976296203148167,0.0113441791041781,5.2,0.421637021355784,10
Shift magnitude,5,K's tau,0.807056628044348,0.127389065631529,6.4,1.07496769977314,10
Shift magnitude,5,Winsor,0.651390057471604,0.0879261927923994,8.7,1.41813649241218,10
Shift magnitude,5,Quad,0.672432491852334,0.0767083894451024,8.4,1.07496769977314,10
Shift magnitude,5,Ball,0.762903349980008,0.139125822499659,7,1.56347191994114,10
Shift magnitude,5,Shell,0.687740386225511,0.0894547896581627,7.8,1.31656117720877,10
Shift magnitude,5,LR,0.771541452656681,0.107214958448221,6.9,1.10050493461461,10
