Metric,PerturbationCondition,Level,Method,Mean,SD,N
ARI,Dropout midpoint,-1,PcaGrid,0.00549399664363852,0.0086776998605438,10
ARI,Dropout midpoint,-1,PcaHubert,0.676137439734313,0.075560362376526,10
ARI,Dropout midpoint,-1,PCP,0.94213926494943,0.0797320950440721,10
ARI,Dropout midpoint,-1,PCA,0.594689039730654,0.0618339069708357,10
ARI,Dropout midpoint,-1,K's tau,0.748655147860054,0.111056580409469,10
ARI,Dropout midpoint,-1,Winsor,0.656267228119515,0.062631812686583,10
ARI,Dropout midpoint,-1,Quad,0.620328186389532,0.0433901436062279,10
ARI,Dropout midpoint,-1,Ball,0.673282460124886,0.110241403198069,10
ARI,Dropout midpoint,-1,Shell,0.641657376322102,0.0717946816871487,10
ARI,Dropout midpoint,-1,LR,0.660696849489442,0.0563032516086331,10
ARI,Dropout midpoint,0,PcaGrid,0.000919988026011985,0.00279207717577889,10
ARI,Dropout midpoint,0,PcaHubert,0.767793164538293,0.0896490109161779,10
ARI,Dropout midpoint,0,PCP,0.980673357331525,0.00851784048324961,10
ARI,Dropout midpoint,0,PCA,0.627916597008997,0.0666698991138448,10
ARI,Dropout midpoint,0,K's tau,0.811131585800821,0.126589207193476,10
ARI,Dropout midpoint,0,Winsor,0.659261661935161,0.0537650952365523,10
ARI,Dropout midpoint,0,Quad,0.675697166510316,0.0463067608691887,10
ARI,Dropout midpoint,0,Ball,0.789864458198153,0.127005618523165,10
ARI,Dropout midpoint,0,Shell,0.673419265376196,0.0799772110016578,10
ARI,Dropout midpoint,0,LR,0.725892275684586,0.0837540379551211,10
ARI,Dropout midpoint,1,PcaGrid,0.00121307804340695,0.00204063109142157,10
ARI,Dropout midpoint,1,PcaHubert,0.865422696684977,0.0474451317757175,10
ARI,Dropout midpoint,1,PCP,0.848083539299659,0.0491777309685308,10
ARI,Dropout midpoint,1,PCA,0.84312001574771,0.0632377572093676,10
ARI,Dropout midpoint,1,K's tau,0.888033221527631,0.0427931447822076,10
ARI,Dropout midpoint,1,Winsor,0.843500741665654,0.0714849811345529,10
ARI,Dropout midpoint,1,Quad,0.851623389200749,0.0636604124199342,10
ARI,Dropout midpoint,1,Ball,0.869020533135669,0.0574167604562919,10
ARI,Dropout midpoint,1,Shell,0.800509033111523,0.109384438937216,10
ARI,Dropout midpoint,1,LR,0.862931159249026,0.0665554491033647,10
ARI,Dropout midpoint,2,PcaGrid,0.00199506642345312,0.00412811563717233,10
ARI,Dropout midpoint,2,PcaHubert,0.62286172727116,0.134004574344781,10
ARI,Dropout midpoint,2,PCP,0.375680699308764,0.209274314852524,10
ARI,Dropout midpoint,2,PCA,0.667076789192764,0.0810923842120777,10
ARI,Dropout midpoint,2,K's tau,0.694901465132004,0.0709876379955794,10
ARI,Dropout midpoint,2,Winsor,0.679143177900414,0.0748642491984761,10
ARI,Dropout midpoint,2,Quad,0.683052847688429,0.0783594161490607,10
ARI,Dropout midpoint,2,Ball,0.690755314287346,0.0779214842243328,10
ARI,Dropout midpoint,2,Shell,0.676816112614055,0.0810899649334121,10
ARI,Dropout midpoint,2,LR,0.684395536425122,0.074862055096253,10
ARI,Dropout midpoint,3,PcaGrid,1.56157365416129e-05,0.000924225917188118,10
ARI,Dropout midpoint,3,PcaHubert,0.0972021552660783,0.195588269626623,10
ARI,Dropout midpoint,3,PCP,0.00194612422249577,0.00261736164142265,10
ARI,Dropout midpoint,3,PCA,0.187898328620444,0.212065514051028,10
ARI,Dropout midpoint,3,K's tau,0.229536474944824,0.244761616207036,10
ARI,Dropout midpoint,3,Winsor,0.126685912499147,0.175618518542052,10
ARI,Dropout midpoint,3,Quad,0.12355437489305,0.172240207771451,10
ARI,Dropout midpoint,3,Ball,0.150235762764077,0.2006647133819,10
ARI,Dropout midpoint,3,Shell,0.0655968234428433,0.132936187704368,10
ARI,Dropout midpoint,3,LR,0.10585331269111,0.190171015369807,10
NMI,Dropout midpoint,-1,PcaGrid,0.00950060784339497,0.00515075545904704,10
NMI,Dropout midpoint,-1,PcaHubert,0.73231359067929,0.0551310980867042,10
NMI,Dropout midpoint,-1,PCP,0.938214069512037,0.068107529557422,10
NMI,Dropout midpoint,-1,PCA,0.670418478251395,0.0403756432850158,10
NMI,Dropout midpoint,-1,K's tau,0.785538057748186,0.0784034592778755,10
NMI,Dropout midpoint,-1,Winsor,0.70900830589814,0.0348944010772137,10
NMI,Dropout midpoint,-1,Quad,0.691350330620777,0.0285010239148317,10
NMI,Dropout midpoint,-1,Ball,0.736668957786071,0.0763121186694509,10
NMI,Dropout midpoint,-1,Shell,0.713155775441914,0.0456482612356995,10
NMI,Dropout midpoint,-1,LR,0.724858958852545,0.0348982974814923,10
NMI,Dropout midpoint,0,PcaGrid,0.0082818588756527,0.00374428675670184,10
NMI,Dropout midpoint,0,PcaHubert,0.783063710224923,0.0725037882674916,10
NMI,Dropout midpoint,0,PCP,0.960309319185685,0.018851571510032,10
NMI,Dropout midpoint,0,PCA,0.678408104279352,0.0479870589080064,10
NMI,Dropout midpoint,0,K's tau,0.825171515943766,0.100262215030157,10
NMI,Dropout midpoint,0,Winsor,0.7014444688367,0.0448164980656829,10
NMI,Dropout midpoint,0,Quad,0.71849668307799,0.0265666753624544,10
NMI,Dropout midpoint,0,Ball,0.808952004977522,0.0989718255649256,10
NMI,Dropout midpoint,0,Shell,0.721438819157148,0.0605768335980356,10
NMI,Dropout midpoint,0,LR,0.757451453788175,0.0591858842679085,10
NMI,Dropout midpoint,1,PcaGrid,0.00646289226161073,0.00255098840529009,10
NMI,Dropout midpoint,1,PcaHubert,0.776983165319395,0.0682247280003563,10
NMI,Dropout midpoint,1,PCP,0.749710622576876,0.0696938098693675,10
NMI,Dropout midpoint,1,PCA,0.759001875136191,0.067690566544832,10
NMI,Dropout midpoint,1,K's tau,0.811767680551455,0.0646341342556256,10
NMI,Dropout midpoint,1,Winsor,0.771470943442592,0.0766626930520259,10
NMI,Dropout midpoint,1,Quad,0.778497533951427,0.0690570988397005,10
NMI,Dropout midpoint,1,Ball,0.795748577678172,0.0667470586359204,10
NMI,Dropout midpoint,1,Shell,0.748704669761096,0.0841093212829675,10
NMI,Dropout midpoint,1,LR,0.793366749200841,0.0733215445899034,10
NMI,Dropout midpoint,2,PcaGrid,0.00903327487028574,0.00478065683362555,10
NMI,Dropout midpoint,2,PcaHubert,0.512887108232019,0.124146319186156,10
NMI,Dropout midpoint,2,PCP,0.308034283520636,0.17215507987831,10
NMI,Dropout midpoint,2,PCA,0.559489905480074,0.0682065108447478,10
NMI,Dropout midpoint,2,K's tau,0.577348841454741,0.07405425502715,10
NMI,Dropout midpoint,2,Winsor,0.567480554438647,0.065033331118889,10
NMI,Dropout midpoint,2,Quad,0.562628668456809,0.0807001680228076,10
NMI,Dropout midpoint,2,Ball,0.574362918061721,0.0766413722799333,10
NMI,Dropout midpoint,2,Shell,0.564768323642233,0.0697971780123867,10
NMI,Dropout midpoint,2,LR,0.568591254409441,0.0688451766838764,10
NMI,Dropout midpoint,3,PcaGrid,0.00555752082888264,0.00102476546442064,10
NMI,Dropout midpoint,3,PcaHubert,0.0793397170213975,0.163324182224132,10
NMI,Dropout midpoint,3,PCP,0.0029090974661254,0.00172600124140038,10
NMI,Dropout midpoint,3,PCA,0.167619816588395,0.170535542022044,10
NMI,Dropout midpoint,3,K's tau,0.189442474819798,0.200998502512022,10
NMI,Dropout midpoint,3,Winsor,0.108346124912701,0.147747677672169,10
NMI,Dropout midpoint,3,Quad,0.118177610134807,0.158096739131661,10
NMI,Dropout midpoint,3,Ball,0.129909966921622,0.173381498517742,10
NMI,Dropout midpoint,3,Shell,0.0667352074132082,0.12194909413956,10
NMI,Dropout midpoint,3,LR,0.0932369855641135,0.161485050629588,10
ARI,Doublet fraction,2%,PcaGrid,0.00163309971480443,0.003175981555938,10
ARI,Doublet fraction,2%,PcaHubert,0.817107099754557,0.139266383130974,10
ARI,Doublet fraction,2%,PCP,0.953153690688709,0.0866663242616255,10
ARI,Doublet fraction,2%,PCA,0.660395023040222,0.101002915785111,10
ARI,Doublet fraction,2%,K's tau,0.855963850981125,0.140685977377009,10
ARI,Doublet fraction,2%,Winsor,0.667802680981974,0.0641023528902831,10
ARI,Doublet fraction,2%,Quad,0.653287160559473,0.0963163275276151,10
ARI,Doublet fraction,2%,Ball,0.808851683281095,0.132623732582098,10
ARI,Doublet fraction,2%,Shell,0.695025998526744,0.0650555953443926,10
ARI,Doublet fraction,2%,LR,0.739708465863746,0.140765583848527,10
ARI,Doublet fraction,5%,PcaGrid,0.000201521831714533,0.00207948016843015,10
ARI,Doublet fraction,5%,PcaHubert,0.841525932884274,0.106888510160569,10
ARI,Doublet fraction,5%,PCP,0.979491317379763,0.00711499322028064,10
ARI,Doublet fraction,5%,PCA,0.724748411756087,0.0871727402167671,10
ARI,Doublet fraction,5%,K's tau,0.897271447094432,0.100613185108173,10
ARI,Doublet fraction,5%,Winsor,0.724631584297207,0.0692955434973691,10
ARI,Doublet fraction,5%,Quad,0.715847710988073,0.0735768835707542,10
ARI,Doublet fraction,5%,Ball,0.905864611486234,0.0935370746866379,10
ARI,Doublet fraction,5%,Shell,0.703587833836809,0.0707498886339476,10
ARI,Doublet fraction,5%,LR,0.765652278012958,0.145932197238111,10
ARI,Doublet fraction,8%,PcaGrid,0.00126498705108906,0.00233997182214099,10
ARI,Doublet fraction,8%,PcaHubert,0.872655296885894,0.117161282106663,10
ARI,Doublet fraction,8%,PCP,0.980338980146189,0.00597355792222823,10
ARI,Doublet fraction,8%,PCA,0.733152759759207,0.0515089862687211,10
ARI,Doublet fraction,8%,K's tau,0.905213988798389,0.0924594755556073,10
ARI,Doublet fraction,8%,Winsor,0.739044860074389,0.073951735731843,10
ARI,Doublet fraction,8%,Quad,0.719472413952365,0.0588627183534199,10
ARI,Doublet fraction,8%,Ball,0.867364516101907,0.126632313962156,10
ARI,Doublet fraction,8%,Shell,0.717335310922782,0.0584387340303722,10
ARI,Doublet fraction,8%,LR,0.797365940605205,0.123422263378904,10
ARI,Doublet fraction,10%,PcaGrid,0.00185345888913407,0.00405807727916957,10
ARI,Doublet fraction,10%,PcaHubert,0.802153780423386,0.134600052501742,10
ARI,Doublet fraction,10%,PCP,0.966606914708827,0.0277946106024821,10
ARI,Doublet fraction,10%,PCA,0.732715518057319,0.052804481695328,10
ARI,Doublet fraction,10%,K's tau,0.894800822216171,0.0932450839120832,10
ARI,Doublet fraction,10%,Winsor,0.726435369971527,0.0380346232120268,10
ARI,Doublet fraction,10%,Quad,0.731118462159718,0.0466599234455684,10
ARI,Doublet fraction,10%,Ball,0.817007522921328,0.0952519571680317,10
ARI,Doublet fraction,10%,Shell,0.68783388560858,0.0844258313519154,10
ARI,Doublet fraction,10%,LR,0.812093519227418,0.111281128335507,10
ARI,Doublet fraction,15%,PcaGrid,0.00264150830817913,0.00460850214552887,10
ARI,Doublet fraction,15%,PcaHubert,0.906100386961519,0.115022577347884,10
ARI,Doublet fraction,15%,PCP,0.973360515495793,0.00963748769420066,10
ARI,Doublet fraction,15%,PCA,0.813688243007432,0.104087415842758,10
ARI,Doublet fraction,15%,K's tau,0.913606366241997,0.078499247552716,10
ARI,Doublet fraction,15%,Winsor,0.758745193035449,0.124350747636739,10
ARI,Doublet fraction,15%,Quad,0.762653913945966,0.123399779343184,10
ARI,Doublet fraction,15%,Ball,0.88237159329194,0.141357813434891,10
ARI,Doublet fraction,15%,Shell,0.81000642803644,0.115509289279799,10
ARI,Doublet fraction,15%,LR,0.824989615852821,0.153867232017198,10
NMI,Doublet fraction,2%,PcaGrid,0.00835963079863781,0.00340456034955455,10
NMI,Doublet fraction,2%,PcaHubert,0.823380830120967,0.101872761387262,10
NMI,Doublet fraction,2%,PCP,0.93653525909324,0.0716425893507295,10
NMI,Doublet fraction,2%,PCA,0.698565664214451,0.061322339744106,10
NMI,Doublet fraction,2%,K's tau,0.859304720363212,0.104090083005371,10
NMI,Doublet fraction,2%,Winsor,0.707129198995071,0.0429582502313621,10
NMI,Doublet fraction,2%,Quad,0.702887509842358,0.0618231309993559,10
NMI,Doublet fraction,2%,Ball,0.822224823673976,0.101929572017635,10
NMI,Doublet fraction,2%,Shell,0.731966803360013,0.0483526834655551,10
NMI,Doublet fraction,2%,LR,0.767100939734311,0.103412475987832,10
NMI,Doublet fraction,5%,PcaGrid,0.00656400982129345,0.00380997279928344,10
NMI,Doublet fraction,5%,PcaHubert,0.828781387854091,0.0791787164094814,10
NMI,Doublet fraction,5%,PCP,0.955911838059112,0.0155911643350511,10
NMI,Doublet fraction,5%,PCA,0.732843305132014,0.0557895196723663,10
NMI,Doublet fraction,5%,K's tau,0.877570034136829,0.0871800549964464,10
NMI,Doublet fraction,5%,Winsor,0.736897846253117,0.0442326943106917,10
NMI,Doublet fraction,5%,Quad,0.736058922454057,0.050553714836232,10
NMI,Doublet fraction,5%,Ball,0.890377961522837,0.0785063759873979,10
NMI,Doublet fraction,5%,Shell,0.735377149328547,0.0470108567570413,10
NMI,Doublet fraction,5%,LR,0.786175340685352,0.103493332482329,10
NMI,Doublet fraction,8%,PcaGrid,0.00673822108223704,0.00381240581805924,10
NMI,Doublet fraction,8%,PcaHubert,0.861634331967376,0.0981272479883574,10
NMI,Doublet fraction,8%,PCP,0.957582963100415,0.0136412833425943,10
NMI,Doublet fraction,8%,PCA,0.733477913421242,0.0271554134349958,10
NMI,Doublet fraction,8%,K's tau,0.875667463333322,0.0773873864067102,10
NMI,Doublet fraction,8%,Winsor,0.741060840899564,0.0501977800387999,10
NMI,Doublet fraction,8%,Quad,0.73084953958204,0.0469335623932397,10
NMI,Doublet fraction,8%,Ball,0.85980178575645,0.0929025118289271,10
NMI,Doublet fraction,8%,Shell,0.745261247187498,0.0458313723960169,10
NMI,Doublet fraction,8%,LR,0.79798672056461,0.088835172281308,10
NMI,Doublet fraction,10%,PcaGrid,0.00663109214484543,0.00291882057998807,10
NMI,Doublet fraction,10%,PcaHubert,0.800789053357468,0.108642196056879,10
NMI,Doublet fraction,10%,PCP,0.941405542546351,0.0283826550642651,10
NMI,Doublet fraction,10%,PCA,0.732630248954904,0.0357943962441115,10
NMI,Doublet fraction,10%,K's tau,0.856201618844597,0.0643713743977385,10
NMI,Doublet fraction,10%,Winsor,0.730424803021899,0.0305447931310667,10
NMI,Doublet fraction,10%,Quad,0.739814441053559,0.0411119531241999,10
NMI,Doublet fraction,10%,Ball,0.812056442805248,0.0742759291163646,10
NMI,Doublet fraction,10%,Shell,0.720206899728241,0.0562000179903251,10
NMI,Doublet fraction,10%,LR,0.807271517956824,0.083140656499664,10
NMI,Doublet fraction,15%,PcaGrid,0.0083546432162419,0.00406844385536765,10
NMI,Doublet fraction,15%,PcaHubert,0.875296552229808,0.100957740511233,10
NMI,Doublet fraction,15%,PCP,0.944297059866775,0.0194848403096976,10
NMI,Doublet fraction,15%,PCA,0.774746155111247,0.0707675479758479,10
NMI,Doublet fraction,15%,K's tau,0.86494883599908,0.0694391028164074,10
NMI,Doublet fraction,15%,Winsor,0.741648932808943,0.0701497531988343,10
NMI,Doublet fraction,15%,Quad,0.746017491054592,0.0704426939245936,10
NMI,Doublet fraction,15%,Ball,0.863415893261666,0.120469395565522,10
NMI,Doublet fraction,15%,Shell,0.789287877535075,0.0898389452765411,10
NMI,Doublet fraction,15%,LR,0.80523019138018,0.11376541906132,10
ARI,Shifted-cell fraction,2%,PcaGrid,0.00191932781903486,0.00145958373379204,10
ARI,Shifted-cell fraction,2%,PcaHubert,0.785772992572132,0.113198160439179,10
ARI,Shifted-cell fraction,2%,PCP,0.980987280973,0.00813317233454075,10
ARI,Shifted-cell fraction,2%,PCA,0.668147510203893,0.112936894676483,10
ARI,Shifted-cell fraction,2%,K's tau,0.84103881160892,0.103979440172113,10
ARI,Shifted-cell fraction,2%,Winsor,0.665711306321638,0.116258854060636,10
ARI,Shifted-cell fraction,2%,Quad,0.661348327407273,0.0890135641527424,10
ARI,Shifted-cell fraction,2%,Ball,0.783660826426453,0.131672735102014,10
ARI,Shifted-cell fraction,2%,Shell,0.644394992749748,0.0822905230704929,10
ARI,Shifted-cell fraction,2%,LR,0.753003682681831,0.128551199357432,10
ARI,Shifted-cell fraction,4%,PcaGrid,0.00122596794502899,0.0018874402620842,10
ARI,Shifted-cell fraction,4%,PcaHubert,0.810083655548867,0.125039499310622,10
ARI,Shifted-cell fraction,4%,PCP,0.980725731657603,0.00782245876212461,10
ARI,Shifted-cell fraction,4%,PCA,0.646348971002419,0.0757949033605137,10
ARI,Shifted-cell fraction,4%,K's tau,0.847994632890816,0.0998617344608575,10
ARI,Shifted-cell fraction,4%,Winsor,0.66192225437121,0.072218134686084,10
ARI,Shifted-cell fraction,4%,Quad,0.677131866803223,0.0876895737681747,10
ARI,Shifted-cell fraction,4%,Ball,0.762404892592673,0.0993023242954839,10
ARI,Shifted-cell fraction,4%,Shell,0.663890094977566,0.0602846020523603,10
ARI,Shifted-cell fraction,4%,LR,0.735711533678079,0.0934132212838565,10
ARI,Shifted-cell fraction,6%,PcaGrid,0.00277033056687965,0.00315275180043805,10
ARI,Shifted-cell fraction,6%,PcaHubert,0.787375063131864,0.114610430699408,10
ARI,Shifted-cell fraction,6%,PCP,0.955047476937744,0.0835138974544531,10
ARI,Shifted-cell fraction,6%,PCA,0.66226043348067,0.0793364975355224,10
ARI,Shifted-cell fraction,6%,K's tau,0.802817136575216,0.129451187683853,10
ARI,Shifted-cell fraction,6%,Winsor,0.668117707823606,0.0707611437090659,10
ARI,Shifted-cell fraction,6%,Quad,0.698972699376571,0.0498770648317429,10
ARI,Shifted-cell fraction,6%,Ball,0.755351090917123,0.141761328680719,10
ARI,Shifted-cell fraction,6%,Shell,0.654413185795686,0.060606157618428,10
ARI,Shifted-cell fraction,6%,LR,0.763775868919497,0.0913809079797054,10
ARI,Shifted-cell fraction,8%,PcaGrid,0.000711584698649868,0.00306625904395397,10
ARI,Shifted-cell fraction,8%,PcaHubert,0.789355136012494,0.115217646280959,10
ARI,Shifted-cell fraction,8%,PCP,0.979536430323248,0.00815377825239086,10
ARI,Shifted-cell fraction,8%,PCA,0.660415670008803,0.0598809451374104,10
ARI,Shifted-cell fraction,8%,K's tau,0.845186591201704,0.113976412729251,10
ARI,Shifted-cell fraction,8%,Winsor,0.659529723759397,0.0760151896636085,10
ARI,Shifted-cell fraction,8%,Quad,0.687721891406405,0.099104451544625,10
ARI,Shifted-cell fraction,8%,Ball,0.757289780631183,0.121366011732187,10
ARI,Shifted-cell fraction,8%,Shell,0.637826065131891,0.0762619775614932,10
ARI,Shifted-cell fraction,8%,LR,0.70156212444606,0.0973977837151054,10
ARI,Shifted-cell fraction,10%,PcaGrid,0.00226126944724771,0.00348977996793609,10
ARI,Shifted-cell fraction,10%,PcaHubert,0.805808801598616,0.106741646388076,10
ARI,Shifted-cell fraction,10%,PCP,0.979875810927761,0.0088246416614866,10
ARI,Shifted-cell fraction,10%,PCA,0.680238085158522,0.0950255529981636,10
ARI,Shifted-cell fraction,10%,K's tau,0.809864973335369,0.141502155826147,10
ARI,Shifted-cell fraction,10%,Winsor,0.667587411400934,0.0828962719061532,10
ARI,Shifted-cell fraction,10%,Quad,0.664042186937881,0.0837725480272534,10
ARI,Shifted-cell fraction,10%,Ball,0.797805969798035,0.109520373872494,10
ARI,Shifted-cell fraction,10%,Shell,0.658080872107872,0.0783109278156337,10
ARI,Shifted-cell fraction,10%,LR,0.729724055782773,0.128153846933126,10
NMI,Shifted-cell fraction,2%,PcaGrid,0.00853858626477087,0.00335980826380153,10
NMI,Shifted-cell fraction,2%,PcaHubert,0.79818972390771,0.0934821663172683,10
NMI,Shifted-cell fraction,2%,PCP,0.96082775268275,0.0180726209257784,10
NMI,Shifted-cell fraction,2%,PCA,0.701761721835977,0.0703632007960903,10
NMI,Shifted-cell fraction,2%,K's tau,0.842156435694386,0.0887105631332762,10
NMI,Shifted-cell fraction,2%,Winsor,0.706176621870056,0.0756271111652778,10
NMI,Shifted-cell fraction,2%,Quad,0.705307940663544,0.060859445379259,10
NMI,Shifted-cell fraction,2%,Ball,0.804215202552216,0.100542055993147,10
NMI,Shifted-cell fraction,2%,Shell,0.697998371587807,0.0651573100875556,10
NMI,Shifted-cell fraction,2%,LR,0.780069387205437,0.0962669275872572,10
NMI,Shifted-cell fraction,4%,PcaGrid,0.00828994751461843,0.00437029354038352,10
NMI,Shifted-cell fraction,4%,PcaHubert,0.816161964849876,0.104975894854959,10
NMI,Shifted-cell fraction,4%,PCP,0.960472979345118,0.0178329217476426,10
NMI,Shifted-cell fraction,4%,PCA,0.687569029216967,0.0495200749169353,10
NMI,Shifted-cell fraction,4%,K's tau,0.847749209240235,0.0859217657456501,10
NMI,Shifted-cell fraction,4%,Winsor,0.703267010213773,0.0521744521153489,10
NMI,Shifted-cell fraction,4%,Quad,0.718641244126545,0.0631589488750915,10
NMI,Shifted-cell fraction,4%,Ball,0.786040324099928,0.0734666121855858,10
NMI,Shifted-cell fraction,4%,Shell,0.713541983046174,0.0448284241843337,10
NMI,Shifted-cell fraction,4%,LR,0.761042375384993,0.0712614409370635,10
NMI,Shifted-cell fraction,6%,PcaGrid,0.00744191222826761,0.00304133207037963,10
NMI,Shifted-cell fraction,6%,PcaHubert,0.798654367722469,0.094596513387443,10
NMI,Shifted-cell fraction,6%,PCP,0.939834391848537,0.0732421963840487,10
NMI,Shifted-cell fraction,6%,PCA,0.699429373747895,0.0474631621803389,10
NMI,Shifted-cell fraction,6%,K's tau,0.814880786980076,0.10574351498584,10
NMI,Shifted-cell fraction,6%,Winsor,0.70737228352518,0.046904027833103,10
NMI,Shifted-cell fraction,6%,Quad,0.733746412860737,0.0376782005880432,10
NMI,Shifted-cell fraction,6%,Ball,0.782998894917753,0.108301466589459,10
NMI,Shifted-cell fraction,6%,Shell,0.707492997772464,0.043845999534659,10
NMI,Shifted-cell fraction,6%,LR,0.786055661633804,0.0689911052574545,10
NMI,Shifted-cell fraction,8%,PcaGrid,0.0087763482788738,0.0035444785970644,10
NMI,Shifted-cell fraction,8%,PcaHubert,0.799033001335757,0.0969133038734552,10
NMI,Shifted-cell fraction,8%,PCP,0.957730997099605,0.0182307114032867,10
NMI,Shifted-cell fraction,8%,PCA,0.699128122257569,0.0433593338696528,10
NMI,Shifted-cell fraction,8%,K's tau,0.843466276237442,0.0951848668224131,10
NMI,Shifted-cell fraction,8%,Winsor,0.701072676667071,0.0443607303826703,10
NMI,Shifted-cell fraction,8%,Quad,0.723805402282025,0.0665420469075238,10
NMI,Shifted-cell fraction,8%,Ball,0.78221098448862,0.0902098715984269,10
NMI,Shifted-cell fraction,8%,Shell,0.697932231763736,0.055860339078661,10
NMI,Shifted-cell fraction,8%,LR,0.739316889776243,0.0592774633711768,10
NMI,Shifted-cell fraction,10%,PcaGrid,0.00797702242378384,0.0011282449125767,10
NMI,Shifted-cell fraction,10%,PcaHubert,0.812825905177526,0.090610717361612,10
NMI,Shifted-cell fraction,10%,PCP,0.958835335769393,0.0194623628102828,10
NMI,Shifted-cell fraction,10%,PCA,0.709838053149811,0.0567753310776853,10
NMI,Shifted-cell fraction,10%,K's tau,0.821052078277782,0.112600022387123,10
NMI,Shifted-cell fraction,10%,Winsor,0.706275242702243,0.0531318868229095,10
NMI,Shifted-cell fraction,10%,Quad,0.709161920719092,0.0596951852340893,10
NMI,Shifted-cell fraction,10%,Ball,0.813055457660252,0.0857648259927105,10
NMI,Shifted-cell fraction,10%,Shell,0.712573604959778,0.056254177626701,10
NMI,Shifted-cell fraction,10%,LR,0.763498048291354,0.0944525604370475,10
ARI,Shift magnitude,1.5,PcaGrid,0.00375923739408639,0.00392926771011238,10
ARI,Shift magnitude,1.5,PcaHubert,0.795126842725183,0.107810038467157,10
ARI,Shift magnitude,1.5,PCP,0.981000662631974,0.00792563612060689,10
ARI,Shift magnitude,1.5,PCA,0.684732865832257,0.082244963429965,10
ARI,Shift magnitude,1.5,K's tau,0.830456054824003,0.138675613903741,10
ARI,Shift magnitude,1.5,Winsor,0.662795752764366,0.0593667546454455,10
ARI,Shift magnitude,1.5,Quad,0.673703527440836,0.0728581341507782,10
ARI,Shift magnitude,1.5,Ball,0.77213989572248,0.116991161767877,10
ARI,Shift magnitude,1.5,Shell,0.656196786347675,0.0509279065606505,10
ARI,Shift magnitude,1.5,LR,0.737574825868559,0.105549100510713,10
ARI,Shift magnitude,2,PcaGrid,0.00191932781903486,0.00145958373379204,10
ARI,Shift magnitude,2,PcaHubert,0.785772992572132,0.113198160439179,10
ARI,Shift magnitude,2,PCP,0.980987280973,0.00813317233454075,10
ARI,Shift magnitude,2,PCA,0.668147510203893,0.112936894676483,10
ARI,Shift magnitude,2,K's tau,0.84103881160892,0.103979440172113,10
ARI,Shift magnitude,2,Winsor,0.665711306321638,0.116258854060636,10
ARI,Shift magnitude,2,Quad,0.661348327407273,0.0890135641527424,10
ARI,Shift magnitude,2,Ball,0.783660826426453,0.131672735102014,10
ARI,Shift magnitude,2,Shell,0.644394992749748,0.0822905230704929,10
ARI,Shift magnitude,2,LR,0.753003682681831,0.128551199357432,10
ARI,Shift magnitude,3,PcaGrid,0.00169254083007418,0.0050852136883674,10
ARI,Shift magnitude,3,PcaHubert,0.808097528703274,0.116498687315014,10
ARI,Shift magnitude,3,PCP,0.980746517136896,0.0085275045165685,10
ARI,Shift magnitude,3,PCA,0.687750410745357,0.0727535826324888,10
ARI,Shift magnitude,3,K's tau,0.824423014836057,0.150012651672722,10
ARI,Shift magnitude,3,Winsor,0.64706882351698,0.0698291034002868,10
ARI,Shift magnitude,3,Quad,0.646217441753942,0.0850831949117977,10
ARI,Shift magnitude,3,Ball,0.753241387951624,0.0957957147516823,10
ARI,Shift magnitude,3,Shell,0.63410002128338,0.0731348698781071,10
ARI,Shift magnitude,3,LR,0.739380236226538,0.0961080684652893,10
ARI,Shift magnitude,4,PcaGrid,0.00054156383812491,0.0021067103156126,10
ARI,Shift magnitude,4,PcaHubert,0.826878932343053,0.10796836378835,10
ARI,Shift magnitude,4,PCP,0.980615024796775,0.00840047768092271,10
ARI,Shift magnitude,4,PCA,0.641833280336511,0.0564285936893038,10
ARI,Shift magnitude,4,K's tau,0.847756867039233,0.15566391371244,10
ARI,Shift magnitude,4,Winsor,0.658392840764267,0.103964495870911,10
ARI,Shift magnitude,4,Quad,0.696802326940882,0.11781048352353,10
ARI,Shift magnitude,4,Ball,0.73802621204436,0.131099441992544,10
ARI,Shift magnitude,4,Shell,0.6437473726296,0.0609194939832203,10
ARI,Shift magnitude,4,LR,0.722494416952016,0.103742562643758,10
ARI,Shift magnitude,5,PcaGrid,0.00122932783448987,0.00373125495975412,10
ARI,Shift magnitude,5,PcaHubert,0.831649817940045,0.12363774688949,10
ARI,Shift magnitude,5,PCP,0.976296203148167,0.0113441791041781,10
ARI,Shift magnitude,5,PCA,0.688848536542082,0.0789301394509254,10
ARI,Shift magnitude,5,K's tau,0.807056628044348,0.127389065631529,10
ARI,Shift magnitude,5,Winsor,0.651390057471604,0.0879261927923994,10
ARI,Shift magnitude,5,Quad,0.672432491852334,0.0767083894451024,10
ARI,Shift magnitude,5,Ball,0.762903349980008,0.139125822499659,10
ARI,Shift magnitude,5,Shell,0.687740386225511,0.0894547896581627,10
ARI,Shift magnitude,5,LR,0.771541452656681,0.107214958448221,10
NMI,Shift magnitude,1.5,PcaGrid,0.00888623322967292,0.00368177231399691,10
NMI,Shift magnitude,1.5,PcaHubert,0.805291416440495,0.0809805363846755,10
NMI,Shift magnitude,1.5,PCP,0.960659658883545,0.0179552764749406,10
NMI,Shift magnitude,1.5,PCA,0.71117280654308,0.0437471058594761,10
NMI,Shift magnitude,1.5,K's tau,0.838294566416712,0.10674603027294,10
NMI,Shift magnitude,1.5,Winsor,0.705867161300055,0.0384137885158437,10
NMI,Shift magnitude,1.5,Quad,0.716916422205665,0.0559748326956148,10
NMI,Shift magnitude,1.5,Ball,0.795249097667878,0.088261949591993,10
NMI,Shift magnitude,1.5,Shell,0.70958125610001,0.0388762249497527,10
NMI,Shift magnitude,1.5,LR,0.765577775013533,0.0750730436824125,10
NMI,Shift magnitude,2,PcaGrid,0.00853858626477087,0.00335980826380153,10
NMI,Shift magnitude,2,PcaHubert,0.79818972390771,0.0934821663172683,10
NMI,Shift magnitude,2,PCP,0.96082775268275,0.0180726209257784,10
NMI,Shift magnitude,2,PCA,0.701761721835977,0.0703632007960903,10
NMI,Shift magnitude,2,K's tau,0.842156435694386,0.0887105631332762,10
NMI,Shift magnitude,2,Winsor,0.706176621870056,0.0756271111652778,10
NMI,Shift magnitude,2,Quad,0.705307940663544,0.060859445379259,10
NMI,Shift magnitude,2,Ball,0.804215202552216,0.100542055993147,10
NMI,Shift magnitude,2,Shell,0.697998371587807,0.0651573100875556,10
NMI,Shift magnitude,2,LR,0.780069387205437,0.0962669275872572,10
NMI,Shift magnitude,3,PcaGrid,0.00841614437045784,0.0037825543365692,10
NMI,Shift magnitude,3,PcaHubert,0.815959527781117,0.0903130001225809,10
NMI,Shift magnitude,3,PCP,0.960453669761698,0.0187781121025918,10
NMI,Shift magnitude,3,PCA,0.715828881396956,0.0445544022188377,10
NMI,Shift magnitude,3,K's tau,0.833244660659465,0.116716450453895,10
NMI,Shift magnitude,3,Winsor,0.693223684963983,0.0428282751679256,10
NMI,Shift magnitude,3,Quad,0.69707798127055,0.0573138894804511,10
NMI,Shift magnitude,3,Ball,0.779276485177832,0.072949366803736,10
NMI,Shift magnitude,3,Shell,0.691941819566874,0.0552368878684604,10
NMI,Shift magnitude,3,LR,0.767376304737958,0.0685035168959923,10
NMI,Shift magnitude,4,PcaGrid,0.0067455561969957,0.00448622043541073,10
NMI,Shift magnitude,4,PcaHubert,0.826390548939378,0.0881929809129657,10
NMI,Shift magnitude,4,PCP,0.960136506443637,0.0184872688456128,10
NMI,Shift magnitude,4,PCA,0.686090442170531,0.0412571237302598,10
NMI,Shift magnitude,4,K's tau,0.854331606636631,0.121588627606881,10
NMI,Shift magnitude,4,Winsor,0.700563936419255,0.0702745451160551,10
NMI,Shift magnitude,4,Quad,0.730249460491822,0.0833810159604255,10
NMI,Shift magnitude,4,Ball,0.769904681161042,0.0952549304576098,10
NMI,Shift magnitude,4,Shell,0.699469073102458,0.0457747780513623,10
NMI,Shift magnitude,4,LR,0.754301707170677,0.0673135002070139,10
NMI,Shift magnitude,5,PcaGrid,0.0079196607082839,0.00305560536319137,10
NMI,Shift magnitude,5,PcaHubert,0.829396836298386,0.105247035949252,10
NMI,Shift magnitude,5,PCP,0.95040360559522,0.0248198917589659,10
NMI,Shift magnitude,5,PCA,0.715725299350426,0.0466523580900939,10
NMI,Shift magnitude,5,K's tau,0.822377571839069,0.103383037630112,10
NMI,Shift magnitude,5,Winsor,0.697460963229592,0.0585861002101325,10
NMI,Shift magnitude,5,Quad,0.711714387027308,0.0467193436930351,10
NMI,Shift magnitude,5,Ball,0.788402189090836,0.105387509573532,10
NMI,Shift magnitude,5,Shell,0.729829828976418,0.0690385131776248,10
NMI,Shift magnitude,5,LR,0.789486167139582,0.0810924798423303,10
