SettingID,Panel,Cell,Gene,CellType,de_prob,DeFacLoc,BackgroundDropoutMid,InputDesign,MasterCell,MasterGene,Method,MethodLabel,Calibration,Alpha,PC,TimerScope,Threads,CodeVersion,MethodFileMD5,SimulationFileMD5,N,AnalysisGenesMin,AnalysisGenesMedian,AnalysisGenesMax,MeanRuntimeSec,SDRuntimeSec,SERuntimeSec,MedianRuntimeSec,Q25RuntimeSec,Q75RuntimeSec,MinRuntimeSec,MaxRuntimeSec,MedianFitSec,MedianScoreSec,MedianGeometrySec,MedianWeightSec,MedianScatterSec,MedianEigenSec,FigurePanel
1,gene_scaling,2000,500,5,0.08,0.1,0,nested_subsets_from_common_3000x3000_splatter_background_mid0,3000,3000,PCA,PCA,none,,20,fit_plus_score_excludes_data_generation_preprocessing; generalized_components_profiled,1,20260712_matched_nested_runtime_v2,a1ac36dc851bac1d124778c1264e783e,a8b31e5a5873e9e0e76423f60140c30b,5,497,497,500,0.1736,0.00230217288664463,0.00102956301409886,0.174,0.173,0.174999999999999,0.17,0.176000000000002,0.171999999999999,0.00200000000000067,,,,,A_gene_scaling
1,gene_scaling,2000,500,5,0.08,0.1,0,nested_subsets_from_common_3000x3000_splatter_background_mid0,3000,3000,PcaGrid,PcaGrid,none,,20,fit_plus_score_excludes_data_generation_preprocessing; generalized_components_profiled,1,20260712_matched_nested_runtime_v2,a1ac36dc851bac1d124778c1264e783e,a8b31e5a5873e9e0e76423f60140c30b,5,497,497,500,130.5272,1.23429441382516,0.551993242712262,130.426,130.32,131.373,128.649,131.868,130.423,0.00300000000001432,,,,,A_gene_scaling
1,gene_scaling,2000,500,5,0.08,0.1,0,nested_subsets_from_common_3000x3000_splatter_background_mid0,3000,3000,PcaHubert,PcaHubert,none,,20,fit_plus_score_excludes_data_generation_preprocessing; generalized_components_profiled,1,20260712_matched_nested_runtime_v2,a1ac36dc851bac1d124778c1264e783e,a8b31e5a5873e9e0e76423f60140c30b,5,497,497,500,1.8,0.112365475124702,0.050251368140579,1.782,1.713,1.849,1.689,1.967,1.78,0.00200000000000067,,,,,A_gene_scaling
1,gene_scaling,2000,500,5,0.08,0.1,0,nested_subsets_from_common_3000x3000_splatter_background_mid0,3000,3000,PCP,PCP,none,,20,fit_plus_score_excludes_data_generation_preprocessing; generalized_components_profiled,1,20260712_matched_nested_runtime_v2,a1ac36dc851bac1d124778c1264e783e,a8b31e5a5873e9e0e76423f60140c30b,5,497,497,500,69.9598,1.91197795489383,0.855062535724725,70.095,69.513,70.102,67.364,72.725,70.093,0.00200000000000955,,,,,A_gene_scaling
1,gene_scaling,2000,500,5,0.08,0.1,0,nested_subsets_from_common_3000x3000_splatter_background_mid0,3000,3000,K's tau,K's tau,none,,20,fit_plus_score_excludes_data_generation_preprocessing; generalized_components_profiled,1,20260712_matched_nested_runtime_v2,a1ac36dc851bac1d124778c1264e783e,a8b31e5a5873e9e0e76423f60140c30b,5,497,497,500,1.0414,0.0230499457700013,0.0103082491238813,1.054,1.032,1.057,1.005,1.059,1.052,0.00200000000000067,0.204000000000001,0.651,0.124000000000001,0.072000000000001,A_gene_scaling
1,gene_scaling,2000,500,5,0.08,0.1,0,nested_subsets_from_common_3000x3000_splatter_background_mid0,3000,3000,Winsor,Winsor,pairwise_empirical_quantile,0.05,20,fit_plus_score_excludes_data_generation_preprocessing; generalized_components_profiled,1,20260712_matched_nested_runtime_v2,a1ac36dc851bac1d124778c1264e783e,a8b31e5a5873e9e0e76423f60140c30b,5,497,497,500,1.2778,0.0584097594585015,0.0261216385397241,1.288,1.281,1.301,1.181,1.338,1.285,0.00200000000000067,0.206000000000001,0.875999999999999,0.125,0.0730000000000004,A_gene_scaling
1,gene_scaling,2000,500,5,0.08,0.1,0,nested_subsets_from_common_3000x3000_splatter_background_mid0,3000,3000,Quad,Quad,pairwise_empirical_quantile,0.05,20,fit_plus_score_excludes_data_generation_preprocessing; generalized_components_profiled,1,20260712_matched_nested_runtime_v2,a1ac36dc851bac1d124778c1264e783e,a8b31e5a5873e9e0e76423f60140c30b,5,497,497,500,1.288,0.0530848377599479,0.0237402611611582,1.27,1.245,1.319,1.241,1.365,1.268,0.00200000000000067,0.203999999999999,0.869,0.123999999999999,0.0730000000000004,A_gene_scaling
1,gene_scaling,2000,500,5,0.08,0.1,0,nested_subsets_from_common_3000x3000_splatter_background_mid0,3000,3000,Ball,Ball,pairwise_empirical_quantile,0.05,20,fit_plus_score_excludes_data_generation_preprocessing; generalized_components_profiled,1,20260712_matched_nested_runtime_v2,a1ac36dc851bac1d124778c1264e783e,a8b31e5a5873e9e0e76423f60140c30b,5,497,497,500,1.2462,0.0271237902956058,0.0121301277816847,1.258,1.233,1.264,1.205,1.271,1.256,0.00200000000000067,0.206,0.847,0.124000000000001,0.072000000000001,A_gene_scaling
1,gene_scaling,2000,500,5,0.08,0.1,0,nested_subsets_from_common_3000x3000_splatter_background_mid0,3000,3000,Shell,Shell,pairwise_empirical_quantile,0.05,20,fit_plus_score_excludes_data_generation_preprocessing; generalized_components_profiled,1,20260712_matched_nested_runtime_v2,a1ac36dc851bac1d124778c1264e783e,a8b31e5a5873e9e0e76423f60140c30b,5,497,497,500,1.2836,0.0492473349532744,0.0220240777332446,1.266,1.259,1.297,1.234,1.362,1.264,0.00200000000000067,0.207000000000001,0.869999999999999,0.123999999999999,0.0730000000000004,A_gene_scaling
1,gene_scaling,2000,500,5,0.08,0.1,0,nested_subsets_from_common_3000x3000_splatter_background_mid0,3000,3000,LR,LR,pairwise_empirical_quantile,0.05,20,fit_plus_score_excludes_data_generation_preprocessing; generalized_components_profiled,1,20260712_matched_nested_runtime_v2,a1ac36dc851bac1d124778c1264e783e,a8b31e5a5873e9e0e76423f60140c30b,5,497,497,500,1.3554,0.0185283566459629,0.00828613299434663,1.344,1.343,1.373,1.339,1.378,1.341,0.00300000000000011,0.204000000000001,0.946,0.123000000000001,0.072000000000001,A_gene_scaling
2,gene_scaling,2000,1000,5,0.08,0.1,0,nested_subsets_from_common_3000x3000_splatter_background_mid0,3000,3000,PCA,PCA,none,,20,fit_plus_score_excludes_data_generation_preprocessing; generalized_components_profiled,1,20260712_matched_nested_runtime_v2,a1ac36dc851bac1d124778c1264e783e,a8b31e5a5873e9e0e76423f60140c30b,5,992,995,998,0.816,0.016431676725155,0.00734846922834952,0.814,0.805,0.817,0.801,0.843,0.810000000000001,0.00499999999999901,,,,,A_gene_scaling
2,gene_scaling,2000,1000,5,0.08,0.1,0,nested_subsets_from_common_3000x3000_splatter_background_mid0,3000,3000,PcaGrid,PcaGrid,none,,20,fit_plus_score_excludes_data_generation_preprocessing; generalized_components_profiled,1,20260712_matched_nested_runtime_v2,a1ac36dc851bac1d124778c1264e783e,a8b31e5a5873e9e0e76423f60140c30b,5,992,995,998,264.2148,4.63283862227037,2.0718684176366,265.752,260.765,267.936,258.014,268.607,265.745,0.00799999999998136,,,,,A_gene_scaling
2,gene_scaling,2000,1000,5,0.08,0.1,0,nested_subsets_from_common_3000x3000_splatter_background_mid0,3000,3000,PcaHubert,PcaHubert,none,,20,fit_plus_score_excludes_data_generation_preprocessing; generalized_components_profiled,1,20260712_matched_nested_runtime_v2,a1ac36dc851bac1d124778c1264e783e,a8b31e5a5873e9e0e76423f60140c30b,5,992,995,998,4.6204,0.24804495560281,0.11092907644076,4.596,4.502,4.857,4.281,4.866,4.591,0.00499999999999901,,,,,A_gene_scaling
2,gene_scaling,2000,1000,5,0.08,0.1,0,nested_subsets_from_common_3000x3000_splatter_background_mid0,3000,3000,PCP,PCP,none,,20,fit_plus_score_excludes_data_generation_preprocessing; generalized_components_profiled,1,20260712_matched_nested_runtime_v2,a1ac36dc851bac1d124778c1264e783e,a8b31e5a5873e9e0e76423f60140c30b,5,992,995,998,281.2558,13.3112603347692,5.95297659494811,277.516,276.557,278.382,269.585,304.239,277.511,0.00499999999999545,,,,,A_gene_scaling
2,gene_scaling,2000,1000,5,0.08,0.1,0,nested_subsets_from_common_3000x3000_splatter_background_mid0,3000,3000,K's tau,K's tau,none,,20,fit_plus_score_excludes_data_generation_preprocessing; generalized_components_profiled,1,20260712_matched_nested_runtime_v2,a1ac36dc851bac1d124778c1264e783e,a8b31e5a5873e9e0e76423f60140c30b,5,992,995,998,0.7806,0.00350713558334953,0.00156843871413558,0.782,0.777000000000001,0.782,0.777000000000001,0.785,0.777000000000001,0.00500000000000078,0.247,0.137,0.284000000000001,0.109999999999999,A_gene_scaling
2,gene_scaling,2000,1000,5,0.08,0.1,0,nested_subsets_from_common_3000x3000_splatter_background_mid0,3000,3000,Winsor,Winsor,pairwise_empirical_quantile,0.05,20,fit_plus_score_excludes_data_generation_preprocessing; generalized_components_profiled,1,20260712_matched_nested_runtime_v2,a1ac36dc851bac1d124778c1264e783e,a8b31e5a5873e9e0e76423f60140c30b,5,992,995,998,1.0134,0.0238600083822284,0.0106705201372755,1.016,0.994,1.019,0.988999999999999,1.049,1.011,0.00499999999999901,0.249000000000001,0.356999999999999,0.288,0.114000000000001,A_gene_scaling
2,gene_scaling,2000,1000,5,0.08,0.1,0,nested_subsets_from_common_3000x3000_splatter_background_mid0,3000,3000,Quad,Quad,pairwise_empirical_quantile,0.05,20,fit_plus_score_excludes_data_generation_preprocessing; generalized_components_profiled,1,20260712_matched_nested_runtime_v2,a1ac36dc851bac1d124778c1264e783e,a8b31e5a5873e9e0e76423f60140c30b,5,992,995,998,1.0426,0.0741640074429639,0.0331671524252535,1.014,1.007,1.014,1.003,1.175,1.009,0.00500000000000078,0.25,0.356999999999999,0.289000000000002,0.111000000000001,A_gene_scaling
2,gene_scaling,2000,1000,5,0.08,0.1,0,nested_subsets_from_common_3000x3000_splatter_background_mid0,3000,3000,Ball,Ball,pairwise_empirical_quantile,0.05,20,fit_plus_score_excludes_data_generation_preprocessing; generalized_components_profiled,1,20260712_matched_nested_runtime_v2,a1ac36dc851bac1d124778c1264e783e,a8b31e5a5873e9e0e76423f60140c30b,5,992,995,998,0.9912,0.0127945300812495,0.00572188780036798,0.991,0.984,1.002,0.974,1.005,0.985999999999999,0.00500000000000078,0.248999999999999,0.337999999999999,0.289000000000002,0.111000000000001,A_gene_scaling
2,gene_scaling,2000,1000,5,0.08,0.1,0,nested_subsets_from_common_3000x3000_splatter_background_mid0,3000,3000,Shell,Shell,pairwise_empirical_quantile,0.05,20,fit_plus_score_excludes_data_generation_preprocessing; generalized_components_profiled,1,20260712_matched_nested_runtime_v2,a1ac36dc851bac1d124778c1264e783e,a8b31e5a5873e9e0e76423f60140c30b,5,992,995,998,1.0176,0.0247042506463968,0.0110480767557073,1.002,1,1.031,1,1.055,0.998000000000001,0.00499999999999901,0.248000000000001,0.361000000000001,0.287000000000001,0.109,A_gene_scaling
2,gene_scaling,2000,1000,5,0.08,0.1,0,nested_subsets_from_common_3000x3000_splatter_background_mid0,3000,3000,LR,LR,pairwise_empirical_quantile,0.05,20,fit_plus_score_excludes_data_generation_preprocessing; generalized_components_profiled,1,20260712_matched_nested_runtime_v2,a1ac36dc851bac1d124778c1264e783e,a8b31e5a5873e9e0e76423f60140c30b,5,992,995,998,2.0864,0.0606489900987641,0.0271230529255097,2.102,2.042,2.102,2.015,2.171,2.097,0.00499999999999901,0.253,1.423,0.295,0.113000000000001,A_gene_scaling
3,shared_anchor,2000,2000,5,0.08,0.1,0,nested_subsets_from_common_3000x3000_splatter_background_mid0,3000,3000,PCA,PCA,none,,20,fit_plus_score_excludes_data_generation_preprocessing; generalized_components_profiled,1,20260712_matched_nested_runtime_v2,a1ac36dc851bac1d124778c1264e783e,a8b31e5a5873e9e0e76423f60140c30b,5,1988,1989,1992,4.3684,0.175232131756707,0.0783661916900394,4.323,4.242,4.403,4.22,4.654,4.313,0.00999999999999801,,,,,A_gene_scaling
3,shared_anchor,2000,2000,5,0.08,0.1,0,nested_subsets_from_common_3000x3000_splatter_background_mid0,3000,3000,PcaGrid,PcaGrid,none,,20,fit_plus_score_excludes_data_generation_preprocessing; generalized_components_profiled,1,20260712_matched_nested_runtime_v2,a1ac36dc851bac1d124778c1264e783e,a8b31e5a5873e9e0e76423f60140c30b,5,1988,1989,1992,532.9704,4.24335159985594,1.89768452594207,534.693,528.631,536.069,528.229,537.23,534.676,0.0169999999999391,,,,,A_gene_scaling
3,shared_anchor,2000,2000,5,0.08,0.1,0,nested_subsets_from_common_3000x3000_splatter_background_mid0,3000,3000,PcaHubert,PcaHubert,none,,20,fit_plus_score_excludes_data_generation_preprocessing; generalized_components_profiled,1,20260712_matched_nested_runtime_v2,a1ac36dc851bac1d124778c1264e783e,a8b31e5a5873e9e0e76423f60140c30b,5,1988,1989,1992,10.3452,0.504729333405539,0.225721819946588,10.457,10.003,10.618,9.686,10.962,10.447,0.00999999999999801,,,,,A_gene_scaling
3,shared_anchor,2000,2000,5,0.08,0.1,0,nested_subsets_from_common_3000x3000_splatter_background_mid0,3000,3000,PCP,PCP,none,,20,fit_plus_score_excludes_data_generation_preprocessing; generalized_components_profiled,1,20260712_matched_nested_runtime_v2,a1ac36dc851bac1d124778c1264e783e,a8b31e5a5873e9e0e76423f60140c30b,5,1988,1989,1992,1165.1886,51.123134428554,22.8629607610213,1168.508,1151.594,1171.467,1095.734,1238.64,1168.498,0.00999999999999091,,,,,A_gene_scaling
3,shared_anchor,2000,2000,5,0.08,0.1,0,nested_subsets_from_common_3000x3000_splatter_background_mid0,3000,3000,K's tau,K's tau,none,,20,fit_plus_score_excludes_data_generation_preprocessing; generalized_components_profiled,1,20260712_matched_nested_runtime_v2,a1ac36dc851bac1d124778c1264e783e,a8b31e5a5873e9e0e76423f60140c30b,5,1988,1989,1992,2.535,0.122747708736253,0.0548944441633213,2.498,2.476,2.508,2.443,2.75,2.488,0.00999999999999801,0.818999999999999,0.612,0.788000000000002,0.255000000000003,A_gene_scaling
3,shared_anchor,2000,2000,5,0.08,0.1,0,nested_subsets_from_common_3000x3000_splatter_background_mid0,3000,3000,Winsor,Winsor,pairwise_empirical_quantile,0.05,20,fit_plus_score_excludes_data_generation_preprocessing; generalized_components_profiled,1,20260712_matched_nested_runtime_v2,a1ac36dc851bac1d124778c1264e783e,a8b31e5a5873e9e0e76423f60140c30b,5,1988,1989,1992,3.1578,0.0447068227455273,0.0199934989434066,3.178,3.137,3.19,3.089,3.195,3.169,0.00900000000000034,0.816999999999998,1.295,0.792,0.242999999999999,A_gene_scaling
3,shared_anchor,2000,2000,5,0.08,0.1,0,nested_subsets_from_common_3000x3000_splatter_background_mid0,3000,3000,Quad,Quad,pairwise_empirical_quantile,0.05,20,fit_plus_score_excludes_data_generation_preprocessing; generalized_components_profiled,1,20260712_matched_nested_runtime_v2,a1ac36dc851bac1d124778c1264e783e,a8b31e5a5873e9e0e76423f60140c30b,5,1988,1989,1992,3.1786,0.0234051276433178,0.0104670912865036,3.168,3.165,3.196,3.154,3.21,3.156,0.00900000000000034,0.823,1.311,0.792999999999999,0.248000000000001,A_gene_scaling
3,shared_anchor,2000,2000,5,0.08,0.1,0,nested_subsets_from_common_3000x3000_splatter_background_mid0,3000,3000,Ball,Ball,pairwise_empirical_quantile,0.05,20,fit_plus_score_excludes_data_generation_preprocessing; generalized_components_profiled,1,20260712_matched_nested_runtime_v2,a1ac36dc851bac1d124778c1264e783e,a8b31e5a5873e9e0e76423f60140c30b,5,1988,1989,1992,2.7664,0.133838708899929,0.0598544902242096,2.737,2.694,2.739,2.663,2.999,2.727,0.00999999999999801,0.808,0.85,0.801,0.253,A_gene_scaling
3,shared_anchor,2000,2000,5,0.08,0.1,0,nested_subsets_from_common_3000x3000_splatter_background_mid0,3000,3000,Shell,Shell,pairwise_empirical_quantile,0.05,20,fit_plus_score_excludes_data_generation_preprocessing; generalized_components_profiled,1,20260712_matched_nested_runtime_v2,a1ac36dc851bac1d124778c1264e783e,a8b31e5a5873e9e0e76423f60140c30b,5,1988,1989,1992,3.2256,0.0908971946761834,0.0406504612519956,3.19,3.174,3.213,3.166,3.385,3.174,0.00999999999999801,0.802000000000001,1.327,0.795000000000002,0.257999999999999,A_gene_scaling
3,shared_anchor,2000,2000,5,0.08,0.1,0,nested_subsets_from_common_3000x3000_splatter_background_mid0,3000,3000,LR,LR,pairwise_empirical_quantile,0.05,20,fit_plus_score_excludes_data_generation_preprocessing; generalized_components_profiled,1,20260712_matched_nested_runtime_v2,a1ac36dc851bac1d124778c1264e783e,a8b31e5a5873e9e0e76423f60140c30b,5,1988,1989,1992,2.825,0.0930994092355047,0.0416353215431321,2.825,2.736,2.903,2.729,2.932,2.815,0.0100000000000016,0.801,0.940000000000001,0.809999999999999,0.257999999999999,A_gene_scaling
4,gene_scaling,2000,3000,5,0.08,0.1,0,nested_subsets_from_common_3000x3000_splatter_background_mid0,3000,3000,PCA,PCA,none,,20,fit_plus_score_excludes_data_generation_preprocessing; generalized_components_profiled,1,20260712_matched_nested_runtime_v2,a1ac36dc851bac1d124778c1264e783e,a8b31e5a5873e9e0e76423f60140c30b,5,2983,2986,2987,6.343,0.212935436224223,0.0952276220431866,6.399,6.216,6.488,6.043,6.569,6.385,0.0139999999999993,,,,,A_gene_scaling
4,gene_scaling,2000,3000,5,0.08,0.1,0,nested_subsets_from_common_3000x3000_splatter_background_mid0,3000,3000,PcaGrid,PcaGrid,none,,20,fit_plus_score_excludes_data_generation_preprocessing; generalized_components_profiled,1,20260712_matched_nested_runtime_v2,a1ac36dc851bac1d124778c1264e783e,a8b31e5a5873e9e0e76423f60140c30b,5,2983,2986,2987,540.2778,4.94892571170753,2.21322686139491,539.488,537.035,542.063,535.033,547.77,539.461,0.0249999999999773,,,,,A_gene_scaling
4,gene_scaling,2000,3000,5,0.08,0.1,0,nested_subsets_from_common_3000x3000_splatter_background_mid0,3000,3000,PcaHubert,PcaHubert,none,,20,fit_plus_score_excludes_data_generation_preprocessing; generalized_components_profiled,1,20260712_matched_nested_runtime_v2,a1ac36dc851bac1d124778c1264e783e,a8b31e5a5873e9e0e76423f60140c30b,5,2983,2986,2987,10.3396,0.135876046454112,0.0607656152770628,10.326,10.26,10.33,10.215,10.567,10.312,0.0139999999999993,,,,,A_gene_scaling
4,gene_scaling,2000,3000,5,0.08,0.1,0,nested_subsets_from_common_3000x3000_splatter_background_mid0,3000,3000,PCP,PCP,none,,20,fit_plus_score_excludes_data_generation_preprocessing; generalized_components_profiled,1,20260712_matched_nested_runtime_v2,a1ac36dc851bac1d124778c1264e783e,a8b31e5a5873e9e0e76423f60140c30b,5,2983,2986,2987,2133.2068,99.5095610818377,44.5020285980313,2155.304,2067.789,2181.778,2003.169,2257.994,2155.289,0.0140000000001237,,,,,A_gene_scaling
4,gene_scaling,2000,3000,5,0.08,0.1,0,nested_subsets_from_common_3000x3000_splatter_background_mid0,3000,3000,K's tau,K's tau,none,,20,fit_plus_score_excludes_data_generation_preprocessing; generalized_components_profiled,1,20260712_matched_nested_runtime_v2,a1ac36dc851bac1d124778c1264e783e,a8b31e5a5873e9e0e76423f60140c30b,5,2983,2986,2987,3.176,0.0324884594894863,0.0145292807805479,3.164,3.16,3.199,3.138,3.219,3.149,0.0150000000000006,0.429,0.146000000000001,2.066,0.526999999999998,A_gene_scaling
4,gene_scaling,2000,3000,5,0.08,0.1,0,nested_subsets_from_common_3000x3000_splatter_background_mid0,3000,3000,Winsor,Winsor,pairwise_empirical_quantile,0.05,20,fit_plus_score_excludes_data_generation_preprocessing; generalized_components_profiled,1,20260712_matched_nested_runtime_v2,a1ac36dc851bac1d124778c1264e783e,a8b31e5a5873e9e0e76423f60140c30b,5,2983,2986,2987,3.42,0.110541847279661,0.0494358169751447,3.376,3.349,3.446,3.328,3.601,3.362,0.0140000000000029,0.443,0.375,2.047,0.510000000000002,A_gene_scaling
4,gene_scaling,2000,3000,5,0.08,0.1,0,nested_subsets_from_common_3000x3000_splatter_background_mid0,3000,3000,Quad,Quad,pairwise_empirical_quantile,0.05,20,fit_plus_score_excludes_data_generation_preprocessing; generalized_components_profiled,1,20260712_matched_nested_runtime_v2,a1ac36dc851bac1d124778c1264e783e,a8b31e5a5873e9e0e76423f60140c30b,5,2983,2986,2987,3.4908,0.152344018589507,0.0681303163063258,3.43,3.422,3.448,3.393,3.761,3.416,0.0139999999999993,0.436999999999999,0.375,2.062,0.553999999999999,A_gene_scaling
4,gene_scaling,2000,3000,5,0.08,0.1,0,nested_subsets_from_common_3000x3000_splatter_background_mid0,3000,3000,Ball,Ball,pairwise_empirical_quantile,0.05,20,fit_plus_score_excludes_data_generation_preprocessing; generalized_components_profiled,1,20260712_matched_nested_runtime_v2,a1ac36dc851bac1d124778c1264e783e,a8b31e5a5873e9e0e76423f60140c30b,5,2983,2986,2987,3.3574,0.0715108383393735,0.0319806191309674,3.37,3.33,3.402,3.25,3.435,3.356,0.0139999999999993,0.437999999999999,0.826000000000001,1.55,0.538999999999998,A_gene_scaling
4,gene_scaling,2000,3000,5,0.08,0.1,0,nested_subsets_from_common_3000x3000_splatter_background_mid0,3000,3000,Shell,Shell,pairwise_empirical_quantile,0.05,20,fit_plus_score_excludes_data_generation_preprocessing; generalized_components_profiled,1,20260712_matched_nested_runtime_v2,a1ac36dc851bac1d124778c1264e783e,a8b31e5a5873e9e0e76423f60140c30b,5,2983,2986,2987,3.4862,0.119175081287994,0.0532967165968036,3.456,3.421,3.531,3.356,3.667,3.442,0.0139999999999993,0.443000000000001,0.390000000000001,2.058,0.572000000000003,A_gene_scaling
4,gene_scaling,2000,3000,5,0.08,0.1,0,nested_subsets_from_common_3000x3000_splatter_background_mid0,3000,3000,LR,LR,pairwise_empirical_quantile,0.05,20,fit_plus_score_excludes_data_generation_preprocessing; generalized_components_profiled,1,20260712_matched_nested_runtime_v2,a1ac36dc851bac1d124778c1264e783e,a8b31e5a5873e9e0e76423f60140c30b,5,2983,2986,2987,3.4718,0.0995324067829166,0.0445122455061525,3.438,3.421,3.45,3.403,3.647,3.423,0.0140000000000029,0.419000000000001,0.917,1.563,0.523,A_gene_scaling
5,cell_scaling,500,2000,5,0.08,0.1,0,nested_subsets_from_common_3000x3000_splatter_background_mid0,3000,3000,PCA,PCA,none,,20,fit_plus_score_excludes_data_generation_preprocessing; generalized_components_profiled,1,20260712_matched_nested_runtime_v2,a1ac36dc851bac1d124778c1264e783e,a8b31e5a5873e9e0e76423f60140c30b,5,1974,1977,1979,0.202,0.00651920240520314,0.00291547594742287,0.199999999999999,0.199,0.202,0.196,0.213000000000001,0.196999999999999,0.00200000000000067,,,,,B_cell_scaling
5,cell_scaling,500,2000,5,0.08,0.1,0,nested_subsets_from_common_3000x3000_splatter_background_mid0,3000,3000,PcaGrid,PcaGrid,none,,20,fit_plus_score_excludes_data_generation_preprocessing; generalized_components_profiled,1,20260712_matched_nested_runtime_v2,a1ac36dc851bac1d124778c1264e783e,a8b31e5a5873e9e0e76423f60140c30b,5,1974,1977,1979,29.6558,0.211386376098367,0.0945348612946569,29.658,29.51,29.796,29.395,29.92,29.655,0.00300000000000011,,,,,B_cell_scaling
5,cell_scaling,500,2000,5,0.08,0.1,0,nested_subsets_from_common_3000x3000_splatter_background_mid0,3000,3000,PcaHubert,PcaHubert,none,,20,fit_plus_score_excludes_data_generation_preprocessing; generalized_components_profiled,1,20260712_matched_nested_runtime_v2,a1ac36dc851bac1d124778c1264e783e,a8b31e5a5873e9e0e76423f60140c30b,5,1974,1977,1979,1.002,0.034183329270274,0.0152872495891182,0.992000000000001,0.978000000000002,1.013,0.971,1.056,0.989000000000001,0.00200000000000067,,,,,B_cell_scaling
5,cell_scaling,500,2000,5,0.08,0.1,0,nested_subsets_from_common_3000x3000_splatter_background_mid0,3000,3000,PCP,PCP,none,,20,fit_plus_score_excludes_data_generation_preprocessing; generalized_components_profiled,1,20260712_matched_nested_runtime_v2,a1ac36dc851bac1d124778c1264e783e,a8b31e5a5873e9e0e76423f60140c30b,5,1974,1977,1979,71.158,2.60108371645359,1.1632400010316,70.082,70.065,73.774,67.954,73.915,70.079,0.00300000000000011,,,,,B_cell_scaling
5,cell_scaling,500,2000,5,0.08,0.1,0,nested_subsets_from_common_3000x3000_splatter_background_mid0,3000,3000,K's tau,K's tau,none,,20,fit_plus_score_excludes_data_generation_preprocessing; generalized_components_profiled,1,20260712_matched_nested_runtime_v2,a1ac36dc851bac1d124778c1264e783e,a8b31e5a5873e9e0e76423f60140c30b,5,1974,1977,1979,0.4394,0.0143631472874152,0.00642339474110042,0.436999999999999,0.432,0.44,0.425000000000001,0.462999999999999,0.433999999999999,0.00300000000000011,0.0280000000000005,0.0229999999999997,0.175000000000001,0.209,B_cell_scaling
5,cell_scaling,500,2000,5,0.08,0.1,0,nested_subsets_from_common_3000x3000_splatter_background_mid0,3000,3000,Winsor,Winsor,pairwise_empirical_quantile,0.05,20,fit_plus_score_excludes_data_generation_preprocessing; generalized_components_profiled,1,20260712_matched_nested_runtime_v2,a1ac36dc851bac1d124778c1264e783e,a8b31e5a5873e9e0e76423f60140c30b,5,1974,1977,1979,0.4668,0.0145499140890942,0.00650691939399931,0.472,0.459999999999999,0.475,0.444999999999999,0.482000000000001,0.470000000000001,0.00199999999999889,0.0280000000000005,0.0359999999999996,0.18,0.218999999999999,B_cell_scaling
5,cell_scaling,500,2000,5,0.08,0.1,0,nested_subsets_from_common_3000x3000_splatter_background_mid0,3000,3000,Quad,Quad,pairwise_empirical_quantile,0.05,20,fit_plus_score_excludes_data_generation_preprocessing; generalized_components_profiled,1,20260712_matched_nested_runtime_v2,a1ac36dc851bac1d124778c1264e783e,a8b31e5a5873e9e0e76423f60140c30b,5,1974,1977,1979,0.4626,0.0183657289536793,0.0082134036793526,0.461,0.455,0.462999999999999,0.442,0.492000000000001,0.458,0.00300000000000011,0.0280000000000005,0.0370000000000008,0.184999999999999,0.210000000000001,B_cell_scaling
5,cell_scaling,500,2000,5,0.08,0.1,0,nested_subsets_from_common_3000x3000_splatter_background_mid0,3000,3000,Ball,Ball,pairwise_empirical_quantile,0.05,20,fit_plus_score_excludes_data_generation_preprocessing; generalized_components_profiled,1,20260712_matched_nested_runtime_v2,a1ac36dc851bac1d124778c1264e783e,a8b31e5a5873e9e0e76423f60140c30b,5,1974,1977,1979,0.467,0.021714050750608,0.00971081870904796,0.465,0.455,0.465999999999999,0.446000000000002,0.503,0.462,0.00300000000000011,0.0280000000000005,0.0350000000000001,0.180000000000002,0.213999999999999,B_cell_scaling
5,cell_scaling,500,2000,5,0.08,0.1,0,nested_subsets_from_common_3000x3000_splatter_background_mid0,3000,3000,Shell,Shell,pairwise_empirical_quantile,0.05,20,fit_plus_score_excludes_data_generation_preprocessing; generalized_components_profiled,1,20260712_matched_nested_runtime_v2,a1ac36dc851bac1d124778c1264e783e,a8b31e5a5873e9e0e76423f60140c30b,5,1974,1977,1979,0.451,0.00367423461417559,0.00164316767251586,0.449999999999999,0.449999999999999,0.451000000000001,0.446999999999999,0.457000000000001,0.446999999999999,0.00300000000000011,0.0269999999999992,0.0360000000000014,0.176,0.208,B_cell_scaling
5,cell_scaling,500,2000,5,0.08,0.1,0,nested_subsets_from_common_3000x3000_splatter_background_mid0,3000,3000,LR,LR,pairwise_empirical_quantile,0.05,20,fit_plus_score_excludes_data_generation_preprocessing; generalized_components_profiled,1,20260712_matched_nested_runtime_v2,a1ac36dc851bac1d124778c1264e783e,a8b31e5a5873e9e0e76423f60140c30b,5,1974,1977,1979,0.466799999999999,0.0184173830931539,0.00823650411278949,0.468,0.449999999999999,0.475999999999999,0.448,0.491999999999999,0.466000000000001,0.00200000000000067,0.0280000000000005,0.0400000000000009,0.177999999999999,0.220000000000001,B_cell_scaling
6,cell_scaling,1000,2000,5,0.08,0.1,0,nested_subsets_from_common_3000x3000_splatter_background_mid0,3000,3000,PCA,PCA,none,,20,fit_plus_score_excludes_data_generation_preprocessing; generalized_components_profiled,1,20260712_matched_nested_runtime_v2,a1ac36dc851bac1d124778c1264e783e,a8b31e5a5873e9e0e76423f60140c30b,5,1981,1983,1987,0.8958,0.0500369863201207,0.0223772205602034,0.877000000000001,0.871,0.878,0.868,0.984999999999999,0.872,0.00500000000000078,,,,,B_cell_scaling
6,cell_scaling,1000,2000,5,0.08,0.1,0,nested_subsets_from_common_3000x3000_splatter_background_mid0,3000,3000,PcaGrid,PcaGrid,none,,20,fit_plus_score_excludes_data_generation_preprocessing; generalized_components_profiled,1,20260712_matched_nested_runtime_v2,a1ac36dc851bac1d124778c1264e783e,a8b31e5a5873e9e0e76423f60140c30b,5,1981,1983,1987,123.8746,2.41860058711644,1.08163106464265,123.655,123.579,124.045,120.643,127.451,123.646,0.00899999999998613,,,,,B_cell_scaling
6,cell_scaling,1000,2000,5,0.08,0.1,0,nested_subsets_from_common_3000x3000_splatter_background_mid0,3000,3000,PcaHubert,PcaHubert,none,,20,fit_plus_score_excludes_data_generation_preprocessing; generalized_components_profiled,1,20260712_matched_nested_runtime_v2,a1ac36dc851bac1d124778c1264e783e,a8b31e5a5873e9e0e76423f60140c30b,5,1981,1983,1987,2.1692,0.0806207169404986,0.0360546806947447,2.208,2.178,2.209,2.028,2.223,2.203,0.00500000000000256,,,,,B_cell_scaling
6,cell_scaling,1000,2000,5,0.08,0.1,0,nested_subsets_from_common_3000x3000_splatter_background_mid0,3000,3000,PCP,PCP,none,,20,fit_plus_score_excludes_data_generation_preprocessing; generalized_components_profiled,1,20260712_matched_nested_runtime_v2,a1ac36dc851bac1d124778c1264e783e,a8b31e5a5873e9e0e76423f60140c30b,5,1981,1983,1987,274.797,5.47571237374646,2.44881301858676,274.423,273.621,278.323,266.597,281.021,274.418,0.00499999999999545,,,,,B_cell_scaling
6,cell_scaling,1000,2000,5,0.08,0.1,0,nested_subsets_from_common_3000x3000_splatter_background_mid0,3000,3000,K's tau,K's tau,none,,20,fit_plus_score_excludes_data_generation_preprocessing; generalized_components_profiled,1,20260712_matched_nested_runtime_v2,a1ac36dc851bac1d124778c1264e783e,a8b31e5a5873e9e0e76423f60140c30b,5,1981,1983,1987,0.7402,0.0232959223899804,0.0104182532125111,0.734,0.727,0.741999999999999,0.719000000000001,0.779,0.728999999999999,0.00499999999999901,0.0860000000000003,0.0500000000000007,0.365,0.236000000000001,B_cell_scaling
6,cell_scaling,1000,2000,5,0.08,0.1,0,nested_subsets_from_common_3000x3000_splatter_background_mid0,3000,3000,Winsor,Winsor,pairwise_empirical_quantile,0.05,20,fit_plus_score_excludes_data_generation_preprocessing; generalized_components_profiled,1,20260712_matched_nested_runtime_v2,a1ac36dc851bac1d124778c1264e783e,a8b31e5a5873e9e0e76423f60140c30b,5,1981,1983,1987,0.796200000000001,0.0168136849024833,0.00751930847884294,0.792,0.787000000000001,0.800000000000001,0.779,0.823,0.786999999999999,0.00500000000000078,0.0850000000000009,0.116999999999999,0.359,0.234999999999999,B_cell_scaling
6,cell_scaling,1000,2000,5,0.08,0.1,0,nested_subsets_from_common_3000x3000_splatter_background_mid0,3000,3000,Quad,Quad,pairwise_empirical_quantile,0.05,20,fit_plus_score_excludes_data_generation_preprocessing; generalized_components_profiled,1,20260712_matched_nested_runtime_v2,a1ac36dc851bac1d124778c1264e783e,a8b31e5a5873e9e0e76423f60140c30b,5,1981,1983,1987,0.7882,0.0113666177907065,0.00508330601085563,0.789999999999999,0.782,0.798,0.772,0.799000000000001,0.785,0.00500000000000078,0.0849999999999991,0.114000000000001,0.353,0.23,B_cell_scaling
6,cell_scaling,1000,2000,5,0.08,0.1,0,nested_subsets_from_common_3000x3000_splatter_background_mid0,3000,3000,Ball,Ball,pairwise_empirical_quantile,0.05,20,fit_plus_score_excludes_data_generation_preprocessing; generalized_components_profiled,1,20260712_matched_nested_runtime_v2,a1ac36dc851bac1d124778c1264e783e,a8b31e5a5873e9e0e76423f60140c30b,5,1981,1983,1987,0.8034,0.0177002824836213,0.00791580697086522,0.805,0.793999999999999,0.811,0.780000000000001,0.827,0.799999999999999,0.00500000000000078,0.088000000000001,0.118,0.359999999999999,0.234,B_cell_scaling
6,cell_scaling,1000,2000,5,0.08,0.1,0,nested_subsets_from_common_3000x3000_splatter_background_mid0,3000,3000,Shell,Shell,pairwise_empirical_quantile,0.05,20,fit_plus_score_excludes_data_generation_preprocessing; generalized_components_profiled,1,20260712_matched_nested_runtime_v2,a1ac36dc851bac1d124778c1264e783e,a8b31e5a5873e9e0e76423f60140c30b,5,1981,1983,1987,0.8112,0.0289603176778153,0.0129514477955168,0.798,0.795999999999999,0.831000000000001,0.780000000000001,0.850999999999999,0.792999999999999,0.00500000000000078,0.0859999999999985,0.125,0.352,0.234,B_cell_scaling
6,cell_scaling,1000,2000,5,0.08,0.1,0,nested_subsets_from_common_3000x3000_splatter_background_mid0,3000,3000,LR,LR,pairwise_empirical_quantile,0.05,20,fit_plus_score_excludes_data_generation_preprocessing; generalized_components_profiled,1,20260712_matched_nested_runtime_v2,a1ac36dc851bac1d124778c1264e783e,a8b31e5a5873e9e0e76423f60140c30b,5,1981,1983,1987,0.8208,0.015610893632332,0.00698140387028259,0.815,0.814,0.824,0.805000000000002,0.846,0.810000000000001,0.00499999999999901,0.0840000000000014,0.137,0.358000000000001,0.238,B_cell_scaling
3,shared_anchor,2000,2000,5,0.08,0.1,0,nested_subsets_from_common_3000x3000_splatter_background_mid0,3000,3000,PCA,PCA,none,,20,fit_plus_score_excludes_data_generation_preprocessing; generalized_components_profiled,1,20260712_matched_nested_runtime_v2,a1ac36dc851bac1d124778c1264e783e,a8b31e5a5873e9e0e76423f60140c30b,5,1988,1989,1992,4.3684,0.175232131756707,0.0783661916900394,4.323,4.242,4.403,4.22,4.654,4.313,0.00999999999999801,,,,,B_cell_scaling
3,shared_anchor,2000,2000,5,0.08,0.1,0,nested_subsets_from_common_3000x3000_splatter_background_mid0,3000,3000,PcaGrid,PcaGrid,none,,20,fit_plus_score_excludes_data_generation_preprocessing; generalized_components_profiled,1,20260712_matched_nested_runtime_v2,a1ac36dc851bac1d124778c1264e783e,a8b31e5a5873e9e0e76423f60140c30b,5,1988,1989,1992,532.9704,4.24335159985594,1.89768452594207,534.693,528.631,536.069,528.229,537.23,534.676,0.0169999999999391,,,,,B_cell_scaling
3,shared_anchor,2000,2000,5,0.08,0.1,0,nested_subsets_from_common_3000x3000_splatter_background_mid0,3000,3000,PcaHubert,PcaHubert,none,,20,fit_plus_score_excludes_data_generation_preprocessing; generalized_components_profiled,1,20260712_matched_nested_runtime_v2,a1ac36dc851bac1d124778c1264e783e,a8b31e5a5873e9e0e76423f60140c30b,5,1988,1989,1992,10.3452,0.504729333405539,0.225721819946588,10.457,10.003,10.618,9.686,10.962,10.447,0.00999999999999801,,,,,B_cell_scaling
3,shared_anchor,2000,2000,5,0.08,0.1,0,nested_subsets_from_common_3000x3000_splatter_background_mid0,3000,3000,PCP,PCP,none,,20,fit_plus_score_excludes_data_generation_preprocessing; generalized_components_profiled,1,20260712_matched_nested_runtime_v2,a1ac36dc851bac1d124778c1264e783e,a8b31e5a5873e9e0e76423f60140c30b,5,1988,1989,1992,1165.1886,51.123134428554,22.8629607610213,1168.508,1151.594,1171.467,1095.734,1238.64,1168.498,0.00999999999999091,,,,,B_cell_scaling
3,shared_anchor,2000,2000,5,0.08,0.1,0,nested_subsets_from_common_3000x3000_splatter_background_mid0,3000,3000,K's tau,K's tau,none,,20,fit_plus_score_excludes_data_generation_preprocessing; generalized_components_profiled,1,20260712_matched_nested_runtime_v2,a1ac36dc851bac1d124778c1264e783e,a8b31e5a5873e9e0e76423f60140c30b,5,1988,1989,1992,2.535,0.122747708736253,0.0548944441633213,2.498,2.476,2.508,2.443,2.75,2.488,0.00999999999999801,0.818999999999999,0.612,0.788000000000002,0.255000000000003,B_cell_scaling
3,shared_anchor,2000,2000,5,0.08,0.1,0,nested_subsets_from_common_3000x3000_splatter_background_mid0,3000,3000,Winsor,Winsor,pairwise_empirical_quantile,0.05,20,fit_plus_score_excludes_data_generation_preprocessing; generalized_components_profiled,1,20260712_matched_nested_runtime_v2,a1ac36dc851bac1d124778c1264e783e,a8b31e5a5873e9e0e76423f60140c30b,5,1988,1989,1992,3.1578,0.0447068227455273,0.0199934989434066,3.178,3.137,3.19,3.089,3.195,3.169,0.00900000000000034,0.816999999999998,1.295,0.792,0.242999999999999,B_cell_scaling
3,shared_anchor,2000,2000,5,0.08,0.1,0,nested_subsets_from_common_3000x3000_splatter_background_mid0,3000,3000,Quad,Quad,pairwise_empirical_quantile,0.05,20,fit_plus_score_excludes_data_generation_preprocessing; generalized_components_profiled,1,20260712_matched_nested_runtime_v2,a1ac36dc851bac1d124778c1264e783e,a8b31e5a5873e9e0e76423f60140c30b,5,1988,1989,1992,3.1786,0.0234051276433178,0.0104670912865036,3.168,3.165,3.196,3.154,3.21,3.156,0.00900000000000034,0.823,1.311,0.792999999999999,0.248000000000001,B_cell_scaling
3,shared_anchor,2000,2000,5,0.08,0.1,0,nested_subsets_from_common_3000x3000_splatter_background_mid0,3000,3000,Ball,Ball,pairwise_empirical_quantile,0.05,20,fit_plus_score_excludes_data_generation_preprocessing; generalized_components_profiled,1,20260712_matched_nested_runtime_v2,a1ac36dc851bac1d124778c1264e783e,a8b31e5a5873e9e0e76423f60140c30b,5,1988,1989,1992,2.7664,0.133838708899929,0.0598544902242096,2.737,2.694,2.739,2.663,2.999,2.727,0.00999999999999801,0.808,0.85,0.801,0.253,B_cell_scaling
3,shared_anchor,2000,2000,5,0.08,0.1,0,nested_subsets_from_common_3000x3000_splatter_background_mid0,3000,3000,Shell,Shell,pairwise_empirical_quantile,0.05,20,fit_plus_score_excludes_data_generation_preprocessing; generalized_components_profiled,1,20260712_matched_nested_runtime_v2,a1ac36dc851bac1d124778c1264e783e,a8b31e5a5873e9e0e76423f60140c30b,5,1988,1989,1992,3.2256,0.0908971946761834,0.0406504612519956,3.19,3.174,3.213,3.166,3.385,3.174,0.00999999999999801,0.802000000000001,1.327,0.795000000000002,0.257999999999999,B_cell_scaling
3,shared_anchor,2000,2000,5,0.08,0.1,0,nested_subsets_from_common_3000x3000_splatter_background_mid0,3000,3000,LR,LR,pairwise_empirical_quantile,0.05,20,fit_plus_score_excludes_data_generation_preprocessing; generalized_components_profiled,1,20260712_matched_nested_runtime_v2,a1ac36dc851bac1d124778c1264e783e,a8b31e5a5873e9e0e76423f60140c30b,5,1988,1989,1992,2.825,0.0930994092355047,0.0416353215431321,2.825,2.736,2.903,2.729,2.932,2.815,0.0100000000000016,0.801,0.940000000000001,0.809999999999999,0.257999999999999,B_cell_scaling
7,cell_scaling,3000,2000,5,0.08,0.1,0,nested_subsets_from_common_3000x3000_splatter_background_mid0,3000,3000,PCA,PCA,none,,20,fit_plus_score_excludes_data_generation_preprocessing; generalized_components_profiled,1,20260712_matched_nested_runtime_v2,a1ac36dc851bac1d124778c1264e783e,a8b31e5a5873e9e0e76423f60140c30b,5,1991,1994,1995,6.1198,0.237062649947224,0.106017640041646,6.16,6.073,6.168,5.769,6.429,6.146,0.0139999999999993,,,,,B_cell_scaling
7,cell_scaling,3000,2000,5,0.08,0.1,0,nested_subsets_from_common_3000x3000_splatter_background_mid0,3000,3000,PcaGrid,PcaGrid,none,,20,fit_plus_score_excludes_data_generation_preprocessing; generalized_components_profiled,1,20260712_matched_nested_runtime_v2,a1ac36dc851bac1d124778c1264e783e,a8b31e5a5873e9e0e76423f60140c30b,5,1991,1994,1995,803.88,7.56850358393255,3.38473770032479,802.29,799.138,802.596,798.375,817.001,802.266,0.0240000000000009,,,,,B_cell_scaling
7,cell_scaling,3000,2000,5,0.08,0.1,0,nested_subsets_from_common_3000x3000_splatter_background_mid0,3000,3000,PcaHubert,PcaHubert,none,,20,fit_plus_score_excludes_data_generation_preprocessing; generalized_components_profiled,1,20260712_matched_nested_runtime_v2,a1ac36dc851bac1d124778c1264e783e,a8b31e5a5873e9e0e76423f60140c30b,5,1991,1994,1995,21.394,1.29314365017967,0.57831142129479,21.344,20.462,21.423,20.233,23.508,21.33,0.0140000000000029,,,,,B_cell_scaling
7,cell_scaling,3000,2000,5,0.08,0.1,0,nested_subsets_from_common_3000x3000_splatter_background_mid0,3000,3000,PCP,PCP,none,,20,fit_plus_score_excludes_data_generation_preprocessing; generalized_components_profiled,1,20260712_matched_nested_runtime_v2,a1ac36dc851bac1d124778c1264e783e,a8b31e5a5873e9e0e76423f60140c30b,5,1991,1994,1995,2056.5592,82.6380174447571,36.9568449064581,2072.562,2022.19,2099.276,1935.394,2153.374,2072.548,0.0139999999998963,,,,,B_cell_scaling
7,cell_scaling,3000,2000,5,0.08,0.1,0,nested_subsets_from_common_3000x3000_splatter_background_mid0,3000,3000,K's tau,K's tau,none,,20,fit_plus_score_excludes_data_generation_preprocessing; generalized_components_profiled,1,20260712_matched_nested_runtime_v2,a1ac36dc851bac1d124778c1264e783e,a8b31e5a5873e9e0e76423f60140c30b,5,1991,1994,1995,3.7004,0.0638576542005734,0.0285580111352314,3.681,3.654,3.733,3.639,3.795,3.668,0.0139999999999993,1.287,0.757000000000001,1.361,0.264999999999997,B_cell_scaling
7,cell_scaling,3000,2000,5,0.08,0.1,0,nested_subsets_from_common_3000x3000_splatter_background_mid0,3000,3000,Winsor,Winsor,pairwise_empirical_quantile,0.05,20,fit_plus_score_excludes_data_generation_preprocessing; generalized_components_profiled,1,20260712_matched_nested_runtime_v2,a1ac36dc851bac1d124778c1264e783e,a8b31e5a5873e9e0e76423f60140c30b,5,1991,1994,1995,4.3488,0.233528799080542,0.104437253889596,4.272,4.266,4.277,4.17,4.759,4.258,0.0139999999999993,1.295,1.313,1.375,0.260999999999999,B_cell_scaling
7,cell_scaling,3000,2000,5,0.08,0.1,0,nested_subsets_from_common_3000x3000_splatter_background_mid0,3000,3000,Quad,Quad,pairwise_empirical_quantile,0.05,20,fit_plus_score_excludes_data_generation_preprocessing; generalized_components_profiled,1,20260712_matched_nested_runtime_v2,a1ac36dc851bac1d124778c1264e783e,a8b31e5a5873e9e0e76423f60140c30b,5,1991,1994,1995,4.4436,0.383091764463816,0.171323845392286,4.26,4.255,4.35,4.229,5.124,4.246,0.0140000000000029,1.305,1.323,1.386,0.263000000000002,B_cell_scaling
7,cell_scaling,3000,2000,5,0.08,0.1,0,nested_subsets_from_common_3000x3000_splatter_background_mid0,3000,3000,Ball,Ball,pairwise_empirical_quantile,0.05,20,fit_plus_score_excludes_data_generation_preprocessing; generalized_components_profiled,1,20260712_matched_nested_runtime_v2,a1ac36dc851bac1d124778c1264e783e,a8b31e5a5873e9e0e76423f60140c30b,5,1991,1994,1995,4.2714,0.140976239132699,0.0630464907825962,4.216,4.192,4.273,4.163,4.513,4.202,0.0139999999999993,1.285,1.275,1.373,0.259,B_cell_scaling
7,cell_scaling,3000,2000,5,0.08,0.1,0,nested_subsets_from_common_3000x3000_splatter_background_mid0,3000,3000,Shell,Shell,pairwise_empirical_quantile,0.05,20,fit_plus_score_excludes_data_generation_preprocessing; generalized_components_profiled,1,20260712_matched_nested_runtime_v2,a1ac36dc851bac1d124778c1264e783e,a8b31e5a5873e9e0e76423f60140c30b,5,1991,1994,1995,4.507,0.52189414635537,0.233398157661966,4.275,4.257,4.355,4.212,5.436,4.261,0.0139999999999993,1.281,1.349,1.372,0.265000000000001,B_cell_scaling
7,cell_scaling,3000,2000,5,0.08,0.1,0,nested_subsets_from_common_3000x3000_splatter_background_mid0,3000,3000,LR,LR,pairwise_empirical_quantile,0.05,20,fit_plus_score_excludes_data_generation_preprocessing; generalized_components_profiled,1,20260712_matched_nested_runtime_v2,a1ac36dc851bac1d124778c1264e783e,a8b31e5a5873e9e0e76423f60140c30b,5,1991,1994,1995,4.3922,0.0410329136182163,0.0183504768330417,4.404,4.397,4.417,4.321,4.422,4.39,0.0139999999999993,1.248,1.504,1.36,0.260000000000002,B_cell_scaling
